"professor_name","star_rating","student_difficult","gives_good_feedback","caring","respected","participation_matters","clear_grading_criteria","skip_class","amazing_lectures","inspirational","tough_grader","hilarious","get_ready_to_read","lots_of_homework","accessible_outside_class","lecture_heavy","extra_credit","graded_by_few_things","group_projects","test_heavy","so_many_papers","beware_of_pop_quizzes"
"A  Osaitile",3.7,2.65,0,0,0,0,0,0,0,0,0,0,0,0,0,0,0,0,0,0,0,0
"A  Ruttenbur",3.4,1.4,0,0,0,0,0,0,0,0,0,0,0,0,0,0,0,0,0,0,0,0
"A J  Senchack",3.2,3.2,0,0,0,0,0,0,0,0,0,0,0,0,0,0,0,0,0,0,0,0
"Aaron  Fogel",4,3.1,0,0,0,0,0,0,0,0,0,0,1,0,0,1,0,0,0,0,0,0
"Aaron  Kozbelt",4.7,3.35,1,1,1,0,1,1,1,1,1,1,0,1,1,0,1,0,0,0,0,0
"Abi  Awomolo",4,3.15384615384615,0,0,0,0,0,0,0,0,0,0,0,0,0,0,0,0,0,0,0,0
"Adele  Mueller",2.6,2.5,0,0,0,0,0,0,0,0,0,0,0,0,0,0,0,0,0,0,0,0
"Aimee  Miller",3.6,3.85,1,1,1,1,0,1,0,0,1,0,1,1,1,1,1,0,1,0,0,0
"Akif  Uzman",3.3,3.88888888888889,0,0,0,0,0,0,0,0,0,0,0,0,0,0,0,0,0,0,0,0
"Alan  Bell",2.69473684210526,3.31578947368421,0,0,0,0,0,0,0,0,0,0,0,0,0,0,0,0,0,0,0,0
"Alan  Cavaiola",4.3,2.8,1,0,0,0,0,0,0,1,1,0,1,0,0,0,0,0,1,0,0,0
"Alan  Kaminsky",2.9,4.1,1,0,0,0,1,1,0,0,1,0,1,1,1,1,0,1,0,1,0,0
"Albert  Pyzik",2.1,3.45,0,0,0,0,0,0,0,0,0,0,0,0,0,0,0,0,0,0,0,0
"Alexander  McClung",4.8,2.14285714285714,0,0,0,0,0,0,0,0,0,0,0,0,0,0,0,0,0,0,0,0
"Alexandre  Avdulov",4.1,3.55,0,1,0,0,0,1,0,0,0,0,1,0,0,0,0,0,0,1,0,0
"Alfredo  Perez-Davila",3,3.45454545454545,0,0,0,0,0,0,0,0,0,0,0,0,0,0,0,0,0,0,0,0
"Alice  Benston",4.3,4.5,0,0,0,0,0,0,0,0,0,0,0,0,0,0,0,0,0,0,0,0
"Alison  Hodges",4.6,2,0,0,0,0,0,0,0,0,0,0,0,0,0,0,0,0,0,0,0,0
"Allan R  Baer",3.5,3.2,1,1,0,0,0,1,0,0,0,0,1,0,0,1,0,0,0,0,0,0
"Allen  Aldridge",4.9,2.5,0,0,0,0,0,0,0,0,0,0,0,0,0,0,0,0,0,0,0,0
"Allen  Crocket",3.8,2,0,0,0,0,0,0,0,0,0,0,0,0,0,0,0,0,0,0,0,0
"Alvin  Snadowsky",4.5,1.36842105263158,0,0,0,0,0,0,0,0,0,0,0,0,0,0,0,0,0,0,0,0
"Amanda  Lotz",3.6,4.33333333333333,0,0,0,0,0,0,0,0,0,0,0,0,0,0,0,0,0,0,0,0
"Amin  Ibrahim",4,2.4,0,1,0,0,0,0,0,0,0,1,0,0,0,0,0,0,0,0,0,0
"Anabelle  Cohen",1.4,4.63636363636364,0,0,0,0,0,0,0,0,0,0,0,0,0,0,0,0,0,0,0,0
"Ananya  Mukherjee Reed",3.3,2.82352941176471,0,0,0,0,0,0,0,0,0,0,0,0,0,1,0,0,0,0,0,0
"Andrea  Austin",4.8,2.2,0,0,0,0,0,0,0,0,0,0,0,0,0,0,0,0,0,0,0,0
"Andrea  Giampetro-Meyer",4.7,2.2,1,1,1,0,1,0,0,0,1,0,1,1,1,0,0,0,0,0,0,0
"Andrea  Neves",2.3,4.26666666666667,0,0,0,0,0,0,0,0,0,0,0,0,0,0,0,0,0,0,0,0
"Andrea  O\'Bryan",3,3.45,0,0,0,0,0,0,0,0,0,0,0,0,0,0,0,0,0,0,0,0
"Andrea  Tyree",3.5,2.16666666666667,0,0,0,0,0,0,0,0,0,0,0,0,0,0,0,0,0,0,0,0
"Andrea  Woody",4.4,2.93333333333333,0,1,1,0,1,0,0,1,1,0,1,0,0,1,0,0,0,0,0,0
"Andrew  Delamater",3.2,4.45,0,0,1,0,0,0,0,0,1,0,1,0,0,0,0,0,0,0,0,0
"Andrew  Glennon",2.2,4.1,0,0,0,0,0,0,0,0,0,0,0,0,0,0,0,0,0,0,0,0
"Andrew  Howard",4.6,2.25,0,0,0,0,0,0,0,0,0,0,0,0,0,0,0,0,0,0,0,0
"Andrew  Irvine",4.4,2.1,1,1,1,0,1,0,0,0,0,0,0,0,0,0,0,0,0,0,0,0
"Andrew  Lesk",2.8,3.35,1,1,0,1,1,1,1,0,1,1,1,1,0,1,0,1,1,1,0,0
"Andrew  Lo",4,2.66666666666667,0,0,1,0,0,0,1,1,0,0,0,0,0,0,0,0,0,0,0,0
"Andrew  Preston",4.9,2.47368421052632,0,0,0,0,0,0,0,0,0,0,0,0,0,0,0,0,0,0,0,0
"Andrzej  Czajkowski",3.5,3.5,1,1,1,1,1,1,1,1,1,1,1,1,1,1,1,1,0,0,0,1
"Andy  Jones",4.4,2.8,1,0,1,0,0,1,0,1,1,0,0,0,1,0,0,0,0,0,0,1
"Andy  Katz",4.7,4.15,0,0,0,1,0,0,0,0,1,0,0,0,0,0,0,0,0,0,0,0
"Andy  Terry",2.5,4.2,0,0,0,0,0,1,0,0,1,0,0,0,0,0,0,0,0,0,0,0
"Angela  Mills",4.8,2.46153846153846,0,0,0,0,0,0,0,0,0,0,0,0,0,0,0,0,0,0,0,0
"Angela  O\'Mahony",3.7,2.93333333333333,0,0,0,0,0,0,0,0,0,0,0,0,0,0,0,0,0,0,0,0
"Angelica  Vessella",4.4,3.2,1,0,1,1,0,1,0,1,1,0,0,0,0,0,0,0,0,0,0,0
"Anita  Girton",3.5,2.6,0,0,0,1,0,0,0,0,1,0,1,1,0,1,0,1,1,0,1,0
"Anita  Hampton",2.2,3.83333333333333,0,0,0,0,0,0,0,0,0,0,0,0,0,0,0,0,0,0,0,0
"Anita  Wagman-Iscove",2.4,3.55,0,0,0,0,0,0,0,0,0,0,0,0,0,0,0,0,0,0,0,0
"Ann  Joyce",3.2,1.88888888888889,0,0,0,0,0,0,0,0,0,0,0,0,0,0,0,0,0,0,0,0
"Ann  Lewald",3.7,1.35,0,0,0,1,0,0,0,0,0,0,0,0,0,0,0,0,0,0,0,0
"Anne  MacDonald",4.9,1.2,0,0,1,0,0,0,0,1,0,0,0,0,0,0,0,0,0,0,0,0
"Anne  Ramirez",1.5,3.94117647058824,1,0,0,0,0,1,0,0,1,0,1,0,0,1,0,0,0,0,1,0
"Anne  Wall",4.4,2,1,0,1,0,1,0,0,0,0,0,0,0,0,0,0,0,1,0,0,0
"Anne L.  Dearing",2.9,4.4,1,1,1,1,1,1,1,0,1,1,1,1,1,0,0,0,0,1,1,1
"Anne-Marie  Arseneault",1.9,4.16666666666667,0,0,0,0,0,0,0,0,0,0,0,0,0,0,0,0,0,0,0,0
"Annie  Gilson",4.7,2.95,1,1,1,1,0,0,1,1,1,1,1,0,1,0,0,0,0,0,0,0
"Annis  Golden",3.7,2.6875,0,0,0,0,0,0,0,0,0,0,0,0,0,0,0,0,0,0,0,0
"Anthony  James",4.2,3.5,1,1,1,1,1,1,1,1,1,1,1,1,1,1,0,0,1,0,0,0
"Anthony  Roda",2.2,3.95,0,0,0,0,0,0,0,0,0,0,0,0,0,0,0,0,0,0,0,0
"Anthony  Safaeian",3.7,2.66666666666667,0,0,0,0,0,0,0,0,0,0,0,0,0,0,0,0,0,0,0,0
"Anthony  Stewart",4,3.85,0,0,0,0,0,0,0,0,0,0,0,0,0,0,0,0,0,0,0,0
"Anthony  Zoccolilo",4.3,2.875,0,0,0,0,0,0,0,0,0,0,0,0,0,0,0,0,0,0,0,0
"Anton  Armstrong",3.9,3.46666666666667,0,0,0,0,0,0,0,0,0,0,0,0,0,0,0,0,0,0,0,0
"Antonio  Rodriguez",1.8,4.16666666666667,0,0,0,0,0,0,0,0,0,0,0,0,0,0,0,0,0,0,0,0
"Anwarul  Haque",3.5,2.94117647058824,1,0,1,0,1,1,1,0,1,0,1,1,0,1,1,0,0,1,0,0
"April  Haggard",4.7,2.375,0,0,1,0,0,0,0,0,0,1,1,0,0,0,0,0,0,0,0,0
"Arlan  Schultz",4.5,2.2,0,0,0,0,0,0,1,1,0,1,0,0,0,0,0,0,0,0,0,0
"Arnold  Kaminsky",3.1,2.2,0,0,0,0,0,0,0,0,0,0,0,0,0,0,0,0,0,0,0,0
"Arthur  Chapman",4.3,1.8,1,0,0,0,1,0,0,0,1,0,0,0,0,1,1,0,0,0,0,0
"Arthur  Droge",3.7,3.63157894736842,0,0,0,0,0,0,0,0,0,0,0,0,0,0,0,0,0,0,0,0
"Arthur  Kroker",3.9,3.22222222222222,0,0,1,0,0,0,1,1,1,0,0,0,0,0,0,0,0,0,1,0
"Arthur  Rowe",3.7,3.2,0,0,0,0,0,0,0,0,0,0,0,0,0,0,0,0,0,0,0,0
"Arthur  Tyson",3,4.33333333333333,0,0,0,0,0,0,0,0,0,0,0,0,0,0,0,0,0,0,0,0
"Ashraf  Shirani",3.5,3,0,1,1,0,1,0,0,0,1,0,0,0,0,1,1,1,0,0,0,0
"Asif  Zaidi",1.8,3.66666666666667,0,0,0,0,0,0,0,0,0,0,0,0,0,0,0,0,0,0,0,0
"Audrey  Cohen",2.5,3,0,0,0,0,0,0,0,0,0,0,0,0,0,0,0,0,0,0,0,0
"Aurora  Wallace",3.6,3.2,0,0,1,0,1,0,1,0,0,0,1,0,0,1,0,1,0,0,0,0
"Axel-Tobias  Shreiner",4.7,4.16666666666667,0,0,0,0,0,0,0,0,0,0,0,0,0,0,0,0,0,0,0,0
"Azzam  El-Shihabi",3.6,5,0,0,0,0,0,0,0,0,0,0,0,0,0,0,0,0,0,0,0,0
"B  Blankenship",3.5,3,0,0,0,0,0,0,0,0,0,0,0,0,0,0,0,0,0,0,0,0
"B  Bratcher",3.4,1.375,0,0,0,0,0,0,0,0,0,0,0,0,0,0,0,0,0,0,0,0
"B  Dennis",5,1,0,0,0,0,0,0,0,0,0,0,0,0,0,0,0,0,0,0,0,0
"B  Hester",3.7,3,0,0,0,0,0,0,0,0,0,0,0,0,0,0,0,0,0,0,0,0
"B  Jobe Jr.",3.2,2.10526315789474,0,0,0,0,1,1,0,0,1,0,0,0,0,0,0,0,0,0,0,0
"B  Trentham",4.8,2.15789473684211,0,0,0,0,0,0,0,0,0,0,0,0,0,0,0,0,0,0,0,0
"B.R.  Smith",2.6,3.75,0,0,0,0,0,0,0,0,0,0,0,0,0,0,0,0,0,0,0,0
"Babatunde  Ogunnaike",4.3,3.6,0,0,0,0,0,0,0,0,0,0,0,0,0,0,0,0,0,0,0,0
"Barb  Eccles",4.1,2.16666666666667,0,0,0,0,0,0,0,0,0,0,0,0,0,0,0,0,0,0,0,0
"Barbara  Gfellner",2.1,3.8,0,0,0,0,0,0,0,0,1,0,0,0,0,0,0,0,0,0,0,0
"Barbara  Kimmelman",3.1,4.3,0,0,0,0,0,0,0,1,1,0,1,0,0,0,0,0,0,0,1,0
"Barbara  Lewis",4,4.66666666666667,0,0,0,0,0,0,0,0,0,0,0,0,0,0,0,0,0,0,0,0
"Barbara  Odabashian",3.4,2.77777777777778,0,0,0,0,0,0,0,0,0,0,0,0,0,0,0,0,0,0,0,0
"Barbara  Townsend",3.9,3,0,0,0,0,0,0,0,0,0,0,0,0,0,0,0,0,0,0,0,0
"Barbara  Von Barghahn-Calvetti",4.6,2.9,1,1,1,0,1,0,1,1,1,1,0,0,0,1,1,0,0,0,0,0
"Baron  Stewart",4.5,4,0,0,0,0,0,0,0,0,0,0,0,0,0,0,0,0,0,0,0,0
"Barry  Cohen",4.2,2.15,1,1,1,1,1,0,1,1,0,1,0,1,0,0,0,0,0,0,0,0
"Bennie  Perdue",4.6,1.8,0,0,1,0,0,0,0,0,1,0,1,0,0,1,1,0,0,0,0,0
"Benny  Lo",1.7,2.07692307692308,0,0,0,0,0,0,0,0,0,0,0,0,0,0,0,0,0,0,0,0
"Beryl  Kalisa",3.3,3.1,0,1,0,1,0,0,0,0,1,0,1,0,0,1,0,0,0,0,0,0
"Beth  Fratkin",4,2.16666666666667,0,0,0,0,0,0,0,0,0,0,0,0,0,0,0,0,0,0,0,0
"Beth  Hilburn",4.9,1.3,0,0,0,0,0,0,0,0,0,0,0,0,0,0,0,0,0,0,0,0
"Beth  Todd",4.3,1.0625,0,0,1,1,1,1,0,0,0,0,0,0,1,0,0,0,0,0,0,0
"Betty  Given",3.1,1.94444444444444,0,0,0,0,0,0,0,0,0,0,0,0,0,0,0,0,0,0,0,0
"Betty  Zacate",2.7,2.55,0,0,0,1,0,1,0,0,1,0,1,1,0,1,0,0,0,0,0,1
"Beverly  Faunce",3.1,1.71428571428571,0,0,0,0,0,0,0,0,0,0,0,0,0,0,0,0,0,0,0,0
"Bill  Babula",4.4,2.76470588235294,0,0,0,0,0,0,0,0,0,0,0,0,0,0,0,0,0,0,0,0
"Bill  Hodges",4.1,2.27272727272727,0,0,0,1,1,0,0,0,0,0,0,0,0,0,0,0,0,0,0,0
"Bill  Marsh",3.5,2.5,0,0,0,0,0,0,0,0,0,0,0,0,0,0,0,0,0,0,0,0
"Bill  O\'Neill",3.8,2.9,0,0,0,0,0,0,0,0,0,0,0,0,0,0,0,0,0,0,0,0
"Bill  Peterson",4.8,2.44444444444444,0,0,0,0,1,0,0,0,0,0,1,0,0,0,0,0,0,0,0,0
"Bill  Sanders",2.1,3.3,0,0,0,0,0,0,0,0,0,0,0,0,0,0,0,0,0,0,0,0
"Bingwu  Wang",3.8,2.5,1,1,1,1,1,1,1,1,1,0,0,0,1,1,0,1,0,0,0,0
"Blake  Sorem",4,2.75,1,1,1,1,1,0,1,1,1,1,1,1,1,1,1,1,0,1,0,0
"Bob  Baugher",4.7,3.2,1,0,1,1,1,1,1,1,1,1,1,1,1,1,1,0,0,1,1,0
"Bob  Betts",3.7,3.35,1,1,1,1,1,0,1,1,1,1,1,0,1,0,0,0,1,0,0,0
"Bob  Broderick",3.6,3.09090909090909,0,0,0,0,0,0,0,0,0,0,0,0,0,0,0,0,0,0,0,0
"Bob  Fey",2.8,4.10526315789474,0,0,0,0,0,0,0,0,0,0,0,0,0,0,0,0,0,0,0,0
"Bob  Filson",4.5,3.1,0,1,1,0,1,0,0,1,0,0,0,0,0,0,1,0,1,0,0,0
"Bob  Gillies",3.2,3.11764705882353,1,0,0,0,1,0,0,0,0,0,0,0,0,0,0,0,0,0,0,0
"Bob  Nelson",3.3,3.22222222222222,0,0,0,0,0,0,0,0,0,0,0,0,0,0,0,0,0,0,0,0
"Bob  Teti",4.7,2.05,0,0,0,0,0,0,0,0,0,0,0,0,0,0,0,0,0,0,0,0
"Bob  Warner",5,3,0,0,0,0,0,0,0,0,0,0,0,0,0,0,0,0,0,0,0,0
"Bob  Young",4.6,3.05,1,1,1,1,1,1,1,1,1,1,0,1,1,1,1,0,0,0,0,0
"Bohdan  Oppenheim",3.8,3.85714285714286,0,0,0,0,0,0,0,0,0,0,0,0,0,0,0,0,0,0,0,0
"Bonnie  Bedford",3.9,2.11111111111111,0,0,0,0,0,0,0,0,0,0,0,0,0,0,0,0,0,0,0,0
"Bonnie  Johnson",2.2,4.6,0,0,0,0,0,0,0,0,0,0,0,0,0,0,0,0,0,0,0,0
"Bonnie  Veysey",4.4,2.28571428571429,0,0,0,0,0,0,0,0,0,0,0,0,0,0,0,0,0,0,0,0
"Brad  Hann",4.3,3.18181818181818,1,1,0,0,0,1,1,1,1,0,0,0,0,0,0,0,0,0,0,0
"Bradley  McLean",2.8,2,0,0,0,0,0,0,0,0,0,0,0,0,0,0,0,0,0,0,0,0
"Brady  Rimes",4.4,3.53846153846154,0,0,0,0,0,0,0,0,0,0,0,0,0,0,0,0,0,0,0,0
"Brandie  Siegfried",3.9,4.6,1,0,0,1,0,1,1,0,1,0,1,1,0,0,0,0,0,0,0,0
"Brandy  Zito",3.8,1.58333333333333,0,0,0,1,1,1,0,0,0,0,0,0,0,0,1,0,0,0,0,0
"Brenda  Adams",4.7,1.8,0,0,0,0,0,0,0,0,0,0,0,0,0,0,0,0,0,0,0,0
"Brenda  Nordenstam",1.2,2.6,0,0,0,0,0,0,0,0,0,0,0,0,0,0,0,0,0,0,0,0
"Brennda  Young",4.1,3.1,0,0,0,0,0,0,0,0,0,0,0,0,0,0,0,0,0,0,0,0
"Brett  Tjaden",3.7,3.42105263157895,0,1,0,0,1,0,1,0,1,0,0,1,0,1,0,1,0,0,0,0
"Brewster  Fitz",3.5,2.8,0,0,0,0,0,0,0,0,0,0,0,0,0,0,0,0,0,0,0,0
"Brian  George",3.6,3,1,0,0,0,1,0,0,0,0,0,1,0,0,0,0,0,0,0,0,0
"Brian  Gold",3,3.5,0,0,0,0,0,0,0,0,0,0,0,0,0,0,0,0,0,0,0,0
"Brian  Lakey",2.6,4.65,0,0,0,0,0,0,0,0,0,0,0,0,0,0,0,0,0,0,0,0
"Brian  Mullinix",1.7,4.33333333333333,0,0,0,0,0,0,0,0,0,0,0,0,0,0,0,0,0,0,0,0
"Brian  Potter",3.7,3.65,1,1,1,1,1,1,1,1,1,1,1,1,1,1,1,1,1,0,1,1
"Brian  Rose",4.1,3.65,1,1,1,1,0,1,1,0,1,0,1,1,0,0,0,0,0,0,1,0
"Brian  Storey",3.7,2.5,0,0,0,0,0,0,0,0,0,0,0,0,0,0,0,0,0,0,0,0
"Britt  Leatham",3,2.3,1,1,0,1,0,1,0,0,1,1,1,1,1,1,1,0,1,0,1,0
"Bro. Joe  Burke",4.8,3,0,1,1,0,0,0,0,1,0,0,0,0,0,0,0,0,0,0,0,0
"Bruce  Arrigo",4,2.6,1,0,1,0,0,0,0,1,0,0,1,0,0,0,0,0,0,0,0,0
"Bruce  Hammond",3,4.6,1,0,1,0,1,1,1,1,1,1,1,1,0,1,0,1,0,1,1,1
"Bruce  MacMurray",4.1,2.88888888888889,0,0,0,0,0,0,0,0,0,0,0,0,0,0,0,0,0,0,0,0
"Bruce  Martin",3.9,2.45,1,1,1,1,1,1,1,1,1,1,1,1,0,1,1,1,1,0,0,1
"Bruce  Roter",4,3.85,1,0,1,0,1,1,0,0,1,0,1,1,0,0,0,0,0,0,1,0
"Bruce  Sun",1.4,3.70588235294118,0,0,0,0,0,0,0,0,0,0,0,0,0,0,0,0,0,0,0,0
"Bryan  Eldredge",4.2,3.27777777777778,0,0,0,1,0,0,0,1,1,1,0,0,0,1,0,0,0,1,0,0
"Bryan  Fair",4.4,2.92307692307692,0,0,1,1,0,0,0,0,0,0,0,0,0,1,0,0,0,0,0,0
"Burga  Jung",3,2.75,0,0,0,0,0,0,0,0,0,0,0,0,0,0,0,0,0,0,0,0
"Burkard  Eberlein",3.6,3.14285714285714,0,0,0,0,0,0,0,0,0,0,0,0,0,0,0,0,0,0,0,0
"Burlon  Wilkerson",2.6,3.95,0,0,0,0,0,0,0,0,1,0,0,1,0,0,0,0,0,0,0,0
"C  Beals",4.3,3,0,0,0,0,0,0,0,0,0,0,0,0,0,0,0,0,0,0,0,0
"C  Conrad",2.3,4.1,0,0,0,0,0,1,0,0,1,1,1,1,0,1,0,1,0,1,0,0
"C  Hampton",3.2,3.65,0,0,0,1,0,0,0,0,1,0,1,0,0,1,0,0,0,0,0,0
"C  Jackson",1.2,5,0,0,0,0,0,0,0,0,0,0,0,0,0,0,0,0,0,0,0,0
"C  Jochim",4.2,2.2,1,0,0,0,0,0,1,0,0,0,1,0,0,0,0,0,0,0,0,0
"C  Malden",4.2,3.2,1,1,1,1,0,0,0,0,1,0,1,1,0,0,0,0,0,0,0,0
"C  Wolfe",2.9,3.4,0,0,0,0,0,0,0,0,0,0,0,0,0,0,0,0,0,0,0,0
"Camilla  Griggers",3.3,2.5,0,0,0,0,0,0,0,0,0,0,0,0,0,0,0,0,0,0,0,0
"Camilo  Rojas",3.5,3.25,1,1,1,1,0,1,1,1,1,1,0,0,1,0,0,0,1,0,0,0
"Candice  White",3.7,2.8,1,0,1,1,0,0,1,1,1,1,1,0,0,0,0,0,0,0,0,1
"Cara  Garcia",4,2.75,0,0,0,0,0,0,0,0,0,0,0,0,0,0,0,0,0,0,0,0
"Carey  Hissey",4.4,3.125,0,0,0,0,0,0,0,0,0,0,0,0,0,0,0,0,0,0,0,0
"Carl  Jorgensen",2.2,2.95,0,0,0,0,0,0,0,0,0,0,0,0,0,0,0,0,0,0,0,0
"Carl  Pratt",4.3,2.7,0,0,0,0,0,0,0,0,0,0,0,0,0,0,0,0,0,0,0,0
"Carl  Shangraw",4.1,3.3,0,0,1,0,1,1,0,1,1,1,0,0,0,0,0,0,0,0,0,0
"Carla  Steinberg",4.4,2.3,0,0,0,0,0,0,0,0,0,0,0,0,0,0,0,0,0,0,0,0
"Carlos  Centeno",4.9,2.33333333333333,0,0,0,0,0,0,0,0,0,0,0,0,0,0,0,0,0,0,0,0
"Carol  Bennet",4.3,3.2,0,0,0,0,0,0,0,0,0,0,0,0,0,0,0,0,0,0,0,0
"Carol  McClure",2.5,4,0,0,0,0,0,0,0,0,0,0,0,0,0,0,0,0,0,0,0,0
"Carol  Solon",4.4,2.2,0,0,0,0,0,0,0,0,0,0,0,0,0,0,0,0,0,0,0,0
"Carol  Topping",5,2,1,1,1,1,1,1,1,1,0,1,0,0,1,0,1,0,0,0,0,1
"Carol  Turner",3.1,3.16666666666667,0,0,0,0,0,0,0,0,0,0,0,0,0,0,0,0,0,0,0,0
"Carole  Myscofski",4,3.11111111111111,1,0,0,1,0,0,0,0,1,0,1,0,0,1,0,0,1,0,0,0
"Carole  Waterhouse",4.4,1.85,1,1,0,0,0,0,0,0,0,0,0,0,0,0,0,0,0,0,1,0
"Carolyn  Perry",2.8,2.25,0,1,1,0,0,0,1,0,1,1,0,0,0,1,1,0,1,0,0,0
"Carroll  Hale",4.8,3.5,1,1,1,0,1,0,0,1,0,0,0,0,0,0,0,0,0,0,0,0
"Casim  Abbas",4,3.57894736842105,1,1,1,0,0,1,1,0,1,1,0,1,0,0,0,0,0,0,0,0
"Catherine  Chen",3.9,3.05,1,1,1,0,1,1,0,1,1,0,1,1,0,1,1,0,1,0,0,0
"Catherine  Welch",3.7,2.5,0,0,0,0,0,0,0,0,0,0,0,0,0,0,0,0,0,0,0,0
"Cathy  Holtmann",4.4,1.66666666666667,0,0,0,0,0,0,0,0,0,0,0,0,0,0,0,0,0,0,0,0
"Cathy  Stephan",4.7,1.8,0,0,0,0,0,0,0,0,0,0,0,0,0,0,0,0,0,0,0,0
"Celia  Sgroi",3.5,2.8,0,0,0,0,0,0,0,0,0,0,0,0,0,0,0,0,0,0,0,0
"Chantal  Maille",2.8,2.6,1,0,0,1,1,1,0,0,0,0,1,0,0,0,0,0,0,0,0,0
"Charisse  Coston",3.9,3,1,1,1,1,1,1,1,1,1,1,1,1,0,1,1,1,1,0,1,0
"Charisse  Willis",4.1,2.95,0,0,0,0,0,0,0,0,0,0,0,0,0,0,0,0,0,0,0,0
"Charlene  Dalrymple",5,1,0,0,0,0,0,0,0,0,0,0,0,0,0,0,0,0,0,0,0,0
"Charles  Bahn",3.5,2.33333333333333,0,1,1,0,0,0,0,1,0,0,0,0,0,0,0,0,0,0,0,0
"Charles  Cherry",4.2,3.125,0,1,1,1,1,1,0,0,1,1,1,1,0,0,0,1,0,0,0,0
"Charles  Dirks",4.6,2.83333333333333,1,1,1,0,0,0,1,1,0,1,0,0,0,0,0,0,0,0,0,0
"Charles  Green",2.3,2.95,0,0,0,0,0,0,0,0,0,0,0,0,0,0,0,0,0,0,0,0
"Charles  Hadley",2.3,4.11111111111111,0,0,0,0,0,0,0,0,0,0,0,0,0,0,0,0,0,0,0,0
"Charles  Kelley",3.3,3.65,0,1,1,0,0,1,0,1,1,0,1,1,0,1,0,0,0,1,0,0
"Charles  Lippy",2.8,3.72222222222222,0,0,0,0,0,0,0,0,0,0,0,0,0,0,0,0,0,0,0,0
"Charles  O\'Brien",3.9,2.05,0,1,1,0,1,0,0,0,1,0,1,0,1,1,0,0,0,0,1,0
"Charles  Okeke",3.8,3,0,0,0,0,0,0,0,0,0,0,0,0,0,0,0,0,0,0,0,0
"Charlie  Sweet",3.8,2.9,0,0,0,0,0,0,0,0,0,0,0,0,0,0,0,0,0,0,0,0
"Ching-Tsuan  Pan",1.8,4,0,0,0,0,0,0,0,0,0,0,0,0,0,0,0,0,0,0,0,0
"Chris  Boucher",4.3,3.4,0,0,0,1,0,1,1,0,1,1,1,0,1,0,0,0,0,0,0,1
"Chris  Claflin",4.7,3.55,0,0,0,0,0,0,0,0,0,0,0,0,0,0,0,0,0,0,0,0
"Chris  Dobson",4.2,3.65,1,1,1,1,1,1,1,0,1,1,1,0,0,1,0,1,0,1,0,0
"Chris  Fernando",2.5,3.28571428571429,0,0,0,0,0,0,0,0,0,0,0,0,0,0,0,0,0,0,0,0
"Chris  Gould",4.9,3.14285714285714,0,1,0,0,0,0,0,0,0,0,0,0,0,0,0,0,0,0,0,0
"Chris  Hood",4.9,3,0,0,0,0,0,0,0,0,0,0,0,0,0,0,0,0,0,0,0,0
"Chris  Hoyt",3.5,3.75,1,0,0,1,0,1,0,0,1,1,1,1,0,0,0,0,0,1,0,1
"Chris  Husbands",4.2,1.81818181818182,0,0,0,0,0,0,0,0,0,0,0,0,0,0,0,0,0,0,0,0
"Chris  Miller",4.9,1.5,1,0,1,0,0,0,0,0,0,0,0,0,0,0,0,0,0,0,0,0
"Chris  Ramsey",3.3,2.77777777777778,0,1,0,1,0,1,0,0,1,0,0,1,0,0,0,0,0,0,0,0
"Chris  Taylor",4.9,3.07142857142857,1,0,0,0,0,0,0,0,1,0,0,0,0,0,0,0,0,0,0,0
"Christa  Downer",4.9,2.2,0,0,0,0,0,0,0,0,0,0,0,0,0,0,0,0,0,0,0,0
"Christian  Schoof",4,2.57142857142857,1,0,0,1,0,1,0,0,0,0,0,0,0,0,0,0,0,0,0,0
"Christina  Zahajko",3.4,3.95,1,1,1,1,0,1,1,1,1,0,1,1,0,0,0,0,0,0,0,0
"Christine  Jackson",4.4,3.15,1,1,0,1,0,1,0,0,1,0,1,0,0,0,0,0,0,0,0,1
"Christopher  Bracken",3,4.2,1,0,1,1,1,1,1,1,1,1,1,0,0,1,0,0,0,0,0,1
"Christopher  Zepeda",4.5,1,0,0,0,0,0,0,0,0,0,0,0,0,0,0,0,0,0,0,0,0
"Chuck  Fields",4.2,2.25,1,0,1,0,0,1,1,0,0,1,0,1,1,0,0,0,0,0,0,0
"Cindy  Herbert",4.5,2.05,1,1,1,1,1,1,0,1,1,0,1,1,1,0,1,0,1,1,0,0
"Cindy  Williams",1.2,4.30769230769231,0,0,0,0,0,0,0,0,0,0,0,0,0,0,0,0,0,0,0,0
"Clare  Johnson",2.4,3.35,0,0,0,1,0,1,0,0,1,0,1,1,0,1,0,0,0,0,0,0
"Clark",1.5,4.66666666666667,0,0,0,0,0,0,0,0,0,0,0,0,0,0,0,0,0,0,0,0
"Clark  Midkiff",4.5,2.7,0,1,1,0,1,1,1,1,0,1,0,1,0,1,1,0,0,1,0,1
"Claude  Painter",4.8,2.875,0,1,1,0,0,0,0,1,0,0,0,0,0,0,0,0,0,0,0,0
"Clyde  Matthews",2.8,1.78571428571429,0,0,0,0,0,0,0,0,0,0,0,0,0,0,0,0,0,0,0,0
"Colin  Jerolmack",4.8,2.8,0,0,0,0,0,0,0,0,0,0,0,0,0,0,0,0,0,0,0,0
"Colleen  Whitley",3.9,2.72727272727273,0,0,0,0,0,0,0,0,0,0,0,0,0,0,0,0,0,0,0,0
"Constanza  Morales-Mair",3,3.16666666666667,0,0,0,0,0,0,0,0,0,0,0,0,0,0,0,0,0,0,0,0
"Cora  Nohrden",3.2,2.75,0,0,0,0,0,0,0,0,0,0,0,0,0,0,0,0,0,0,0,0
"Corinn  Columpar",3.7,3.4,1,1,1,0,0,0,1,1,1,0,1,0,1,1,0,0,0,0,0,1
"Courtney  Fairweather",3.7,2.1,0,0,0,0,0,0,0,0,0,0,0,0,0,0,0,0,0,0,0,0
"Craig  Estep",4.8,1.16666666666667,0,0,0,0,0,0,0,0,0,0,0,0,0,0,0,0,0,0,0,0
"Craig  Hickman",4.8,1.5,0,0,0,0,0,0,0,0,0,0,0,0,0,0,0,0,0,0,0,0
"Craig  Stettner",3.9,2.65,1,1,1,1,1,1,1,1,1,1,1,0,1,1,1,0,0,1,0,0
"Craig  Wedderspoon",4.2,3.36363636363636,1,1,1,0,0,1,0,0,0,0,0,0,0,0,0,0,0,0,0,0
"Cristina  Iftode",2.1,3.8,1,1,1,0,0,1,0,0,1,0,1,1,0,0,0,0,1,0,0,0
"Cronin  Justin",4.8,3,0,0,0,0,0,0,0,0,0,0,0,0,0,0,0,0,0,0,0,0
"Cynthia  Maguire",3,3.9,1,1,0,1,1,1,0,0,1,0,1,1,0,1,0,0,1,0,0,0
"Cynthia  Schauer",4,4.1,1,1,1,1,1,1,1,1,1,1,1,1,1,1,1,0,1,1,0,0
"D  Estes",2.8,3.9,0,0,0,0,0,0,0,0,0,0,0,0,0,0,0,0,0,0,0,0
"D  Larsen",2.4,4.07692307692308,0,0,0,0,0,0,0,0,0,0,0,0,0,0,0,0,0,0,0,0
"D  Long",4.6,3.125,0,0,0,0,0,0,0,0,0,0,0,0,0,0,0,0,0,0,0,0
"D  Warner",4.4,1.95,0,1,1,1,0,0,0,0,0,0,0,0,0,0,0,0,0,0,0,0
"D  Witt",3.5,2,0,0,0,0,0,0,0,0,0,0,0,0,0,0,0,0,0,0,0,0
"D.S.  Cody",3.4,3.28571428571429,1,0,0,0,0,0,0,0,0,0,0,1,0,0,0,0,0,0,0,0
"Dale  Michaels",4.9,1.9,0,1,0,0,0,0,1,0,0,0,0,0,0,0,0,0,0,0,0,0
"Dale  Smith",1.4,4.4,0,0,0,0,0,0,0,0,0,0,0,0,0,0,0,0,0,0,0,0
"Dan  Lair",3.4,2.88888888888889,0,0,0,0,0,0,0,0,0,0,0,0,0,0,0,0,0,0,0,0
"Dan  Levine",3.5,3.41666666666667,0,0,0,0,0,0,0,0,0,0,0,0,0,0,0,0,0,0,0,0
"Dan  McCarthy",2.4,3.4,0,0,0,0,0,0,0,0,1,0,1,0,0,0,0,0,0,0,0,0
"Dana  Baylard",4.5,2.94736842105263,0,0,0,0,0,0,0,0,0,0,0,0,0,0,0,0,0,0,0,0
"Daniel  Fonseca",4.2,2.57142857142857,0,0,1,0,1,1,0,0,1,1,0,1,1,0,0,0,0,1,0,0
"Daniel  Kern",4.1,3.15384615384615,0,0,0,0,0,0,0,0,0,0,0,0,0,0,0,0,0,0,0,0
"Daniel  Knudsen",3.5,2.26666666666667,0,0,1,0,0,0,0,0,0,1,1,1,0,1,0,0,0,0,0,0
"Daniel  Kurylo",3.3,3.6,1,0,1,1,1,1,1,0,1,1,1,0,1,1,0,0,0,1,0,0
"Daniel  Laskarin",3.8,3.72222222222222,1,0,0,1,0,1,0,0,0,0,0,0,0,0,0,0,0,0,0,0
"Daniel  Reardon",4.2,2.1,0,0,0,1,0,0,0,0,0,0,1,0,0,0,0,0,0,0,0,0
"Daniel  Rodeheaver",2.3,3.7,0,0,0,1,1,0,0,0,0,0,0,0,0,0,0,0,0,0,0,0
"Daniel  Talham",4,3.55,0,1,1,0,1,1,1,0,1,1,1,1,1,1,0,1,0,1,0,0
"Daniel  Vona",2.8,4.45,0,0,0,0,0,0,0,0,0,0,0,0,0,0,0,0,0,0,0,0
"Danilo  Fernando",3.1,3.42857142857143,0,0,0,0,0,0,0,0,0,0,0,0,0,0,0,0,0,0,0,0
"Danny  Welsch",4.5,2.5,0,0,0,0,0,0,0,0,0,0,0,0,0,0,0,0,0,0,0,0
"Daphne  Huntley",4.4,2.15,0,0,0,0,0,0,0,0,0,0,0,0,0,0,0,0,0,0,0,0
"Darcy  Irvin",4.2,3.3125,0,0,0,0,0,0,0,0,0,0,0,0,0,0,0,0,0,0,0,0
"Darel  Swenson",3,3.3,0,0,1,0,1,0,0,0,0,0,1,0,0,0,0,0,0,0,0,0
"Darlene  Schoenly",4.1,2.61111111111111,0,0,0,0,0,0,0,0,0,0,0,0,0,0,0,0,0,0,0,0
"Darren  Hynes",2.8,2.4,0,0,0,0,0,0,0,0,0,0,0,0,0,0,0,0,0,0,0,0
"Darwin  Davis",3,3.16666666666667,0,0,0,0,0,0,0,0,0,0,0,0,0,0,0,0,0,0,0,0
"Dave  Challen",3.8,2.375,0,0,0,0,0,0,0,0,0,0,0,0,0,0,0,0,0,0,0,0
"Dave  Heggem",4.7,1.23076923076923,0,0,0,0,0,0,0,0,0,0,0,0,0,0,0,0,0,0,0,0
"Dave  Kowalka",4.4,1.75,0,0,0,0,0,0,0,0,0,0,0,0,0,0,0,0,0,0,0,0
"David  Bowman",3,3.8,0,0,0,0,0,0,0,0,1,0,0,0,0,1,0,0,0,0,0,0
"David  Brant",1.6,4.3,0,0,0,0,0,0,0,0,0,0,0,0,0,0,0,0,0,0,0,0
"David  Breiner",4.8,3.36842105263158,0,0,0,0,0,0,0,0,0,0,0,0,0,0,0,0,0,0,0,0
"David  Briggs",4.8,1.72222222222222,1,0,1,1,0,1,0,0,0,1,0,0,0,0,0,0,0,0,0,0
"David  Brotherton",4.2,2.5,1,1,1,0,0,0,0,0,0,0,0,0,0,0,0,1,0,0,0,0
"David  Cooper",4,2.75,0,0,0,0,0,0,0,0,0,0,0,0,0,0,0,0,0,0,0,0
"David  Duhon",4.4,2.16666666666667,1,0,1,0,0,0,0,0,0,1,0,0,0,0,0,0,0,0,0,0
"David  Ford",2.6,4.5,0,0,0,0,0,0,0,0,0,0,0,0,0,0,0,0,0,0,0,0
"David  Gallaher",3.8,4.05,1,0,1,0,0,1,0,1,1,1,0,0,1,0,0,0,0,0,0,0
"David  Handschuh",4.3,2.875,0,1,0,1,0,0,0,0,0,1,0,0,0,0,0,0,0,0,0,0
"David  Huddle",4.3,3.0625,0,0,0,0,0,0,0,0,0,0,0,0,0,0,0,0,0,0,0,0
"David  Hyde",4.6,2.05,0,0,1,1,1,1,1,1,0,1,1,0,0,1,1,0,0,0,0,0
"David  Keswick",5,2,0,0,0,0,0,0,0,0,0,0,0,0,0,0,0,0,0,0,0,0
"David  Lank",3.6,2.55,0,0,0,0,0,0,0,0,0,0,0,0,0,0,0,0,0,0,0,0
"David  Martin",3.3,3.05,1,0,1,1,1,1,0,0,1,0,1,1,0,0,1,0,0,0,0,1
"David  McNevin",4.8,2,0,0,0,0,0,0,0,0,0,0,0,0,0,0,0,0,0,0,0,0
"David  Paciocco",4.4,3.77777777777778,0,0,0,0,0,0,0,0,0,0,0,0,0,0,0,0,0,0,0,0
"David  Pearson",3.8,4.75,0,0,0,0,0,0,0,0,0,0,0,0,0,0,0,0,0,0,0,0
"David  Perkins",4.3,2.45,0,0,1,1,1,1,1,0,1,0,1,1,1,0,0,1,0,0,0,0
"David  Rayson",4.7,2.05,1,1,1,0,1,0,1,1,1,1,1,1,1,1,1,0,0,0,1,0
"David  Tindall",2.6,3.63636363636364,0,0,0,0,0,0,0,0,0,0,0,0,0,0,0,0,0,0,0,0
"David W.  Alsop",3,4.65,0,0,0,0,0,0,0,0,0,0,0,0,0,0,0,0,0,0,0,0
"Dayle  Rosa-Tom",3,2.5,0,0,0,0,0,0,0,0,0,0,0,0,0,0,0,0,0,0,0,0
"Dean  Karras",4,2.85,1,0,1,1,1,1,0,1,1,0,0,0,0,1,0,0,1,0,0,0
"Deb  Coolidge",2.5,2.9,0,1,0,1,0,0,0,0,0,0,0,0,0,0,0,0,0,0,0,0
"Deb  Dunbar",4.5,1.875,1,1,0,0,0,0,0,0,0,0,0,0,0,0,1,0,0,0,0,0
"Deborah  Farrer",5,1.85,0,0,0,0,0,0,0,0,0,0,0,0,0,0,0,0,0,0,0,0
"Deborah  Miller",2.9,3.85,1,0,0,0,0,0,0,1,1,0,0,1,0,0,0,0,0,0,1,0
"Deborah  Pluss",4.1,2.15,0,1,0,0,0,1,0,0,1,1,1,1,0,1,0,0,1,0,0,0
"Debra  Clarke",4.5,1.86666666666667,1,1,0,1,0,0,0,0,0,0,0,0,0,0,0,0,0,0,0,0
"Debra  Ferguson",4,4.2,0,0,0,0,0,0,0,0,0,0,0,0,0,0,0,0,0,0,0,0
"Deidre  Condit",3.6,2.95,1,0,1,0,0,0,1,1,1,0,1,0,0,0,0,0,0,0,0,0
"Deirdre  O\' Shea",4.2,2.55,1,1,0,0,1,0,1,1,1,1,1,1,1,1,1,0,1,0,1,0
"Denine  Dumschat",3.9,3.16666666666667,0,0,0,0,0,0,0,0,0,0,0,0,0,0,0,0,0,0,0,0
"Denis  Janz",4.3,1.95,0,0,1,0,0,0,1,0,0,0,0,0,0,0,0,0,0,0,0,0
"Denise  Kelly",2.2,4,0,0,0,0,0,0,0,0,0,0,0,0,0,0,0,0,0,0,0,0
"Dennis  Crockett",4.7,4.125,0,0,0,0,0,0,1,0,0,1,0,0,0,1,0,0,0,0,0,0
"Dennis  Dipert",3.4,2.55555555555556,1,0,0,0,1,1,0,0,0,0,1,1,0,1,0,0,0,0,0,0
"Dennis  Johnston",3.9,2.17647058823529,0,0,0,1,0,0,0,0,0,0,0,0,0,0,0,0,0,0,0,0
"Dennis  McAuliffe",1.8,3.27777777777778,0,0,0,0,0,0,0,0,0,0,0,0,0,0,0,0,0,0,0,0
"Dennis  Razze",2.8,2.75,0,0,0,0,0,0,0,0,0,0,0,0,0,0,0,0,0,0,0,0
"Dennis  Richardson",4,3.92307692307692,0,1,1,1,0,1,1,1,1,1,0,0,1,0,1,1,0,0,0,1
"Derek  Eberts",2.7,3.55,0,0,0,0,0,1,0,0,1,0,1,0,0,1,0,1,0,0,0,0
"Derek  Paulsen",3,2.61538461538462,0,0,0,0,0,0,0,0,0,0,0,0,0,0,0,0,0,0,0,0
"Derick  Holcomb",4.1,1.25,0,1,0,1,0,0,0,1,0,1,0,0,0,0,0,1,0,0,0,0
"Desmond  Hamlet",2.7,3.9,0,0,0,0,0,0,0,0,0,0,0,0,0,0,0,0,0,0,0,0
"Desmond  Harding",4.2,3.6,1,1,0,1,1,1,1,0,1,1,1,1,1,1,0,1,0,0,1,0
"Detlef  Gromoll",2.4,2.3,0,0,0,0,0,0,0,0,0,0,0,0,0,0,0,0,0,0,0,0
"Diane  Himmelbaum",4.3,2.57142857142857,0,0,0,0,0,0,0,0,0,0,0,0,0,0,0,0,0,0,0,0
"Diane  Reid",4.5,3.05,1,0,1,0,0,1,0,0,1,1,1,1,0,0,0,0,0,0,0,1
"Diane  Sandhoff",5,2,0,0,0,0,0,0,0,0,0,0,0,0,0,0,0,0,0,0,0,0
"Dilek  Sanver-Wang",4.7,2.8,1,1,1,0,1,1,1,1,0,1,0,1,1,0,1,0,0,1,0,0
"Dinora  Cardoso",3,3.4375,0,0,0,0,0,0,0,0,0,0,0,0,0,0,0,0,0,0,0,0
"Dion  Wiseman",3.7,3.5,1,0,0,0,1,0,0,0,0,0,0,0,0,0,0,0,0,0,0,0
"Dmitri  Kitsikis",2.3,2.41176470588235,0,0,0,0,0,0,0,0,0,0,0,0,0,0,0,0,0,0,0,0
"Don  Boggs",3.8,4,0,0,0,0,0,0,0,0,0,0,0,0,0,0,0,0,0,0,0,0
"Don  Hood",3.1,3.5,0,0,0,0,0,0,0,0,0,0,0,0,0,0,0,0,0,0,0,0
"Dona  Fletcher",1.5,3.85,0,0,0,0,1,0,0,0,1,0,0,1,0,1,0,0,0,0,1,0
"Donald  Russell",3,2.66666666666667,0,0,0,0,0,0,0,0,0,0,0,0,0,0,0,0,0,0,0,0
"Donna  Chambers",4.8,1.86666666666667,0,0,0,0,0,0,0,0,0,0,0,0,0,0,0,0,0,0,0,0
"Donna  Long",4.2,3.3,1,0,0,0,1,0,0,0,0,0,0,0,0,0,0,0,0,0,0,0
"Donna  Shea",4.1,2.6,0,0,0,0,0,0,0,0,0,0,0,0,0,0,0,0,0,0,0,0
"Donna  Woolard",4.5,1.4,0,1,1,0,0,0,0,0,0,1,0,0,1,0,0,0,0,0,0,0
"Dorathea  Halpert",2.3,4.05,0,0,0,0,0,0,0,0,0,0,0,0,0,0,0,0,0,0,0,0
"Doug  Dibble",2.4,1.09090909090909,0,0,0,0,0,0,0,0,0,0,0,0,0,0,0,0,0,0,0,0
"Doug  MacIntyre",3.7,3.92857142857143,0,0,0,0,0,0,0,0,0,0,0,0,0,0,0,0,0,0,0,0
"Doug  Zentz",3.2,3.5,1,0,0,0,1,0,0,0,1,0,0,0,0,0,0,0,0,0,0,0
"Douglas  Johansen",3,2.45,0,0,0,1,0,0,0,0,0,0,1,0,0,1,0,0,0,0,0,0
"Doyoung  Lee",2.3,4.05,1,0,0,1,0,1,0,0,1,0,1,1,0,1,0,1,1,1,1,0
"Dr.  Shingle",4,2.5,0,0,0,0,0,0,0,0,0,0,0,0,0,0,0,0,0,0,0,0
"Dr. William  Neugebauer",4,2.2,0,0,0,0,0,0,0,0,0,0,0,0,0,0,0,0,0,0,0,0
"Draga  Vidakovic",2.3,3.5,1,0,0,1,0,1,0,1,0,0,0,0,0,0,0,1,1,0,0,0
"Duane  Castanier",4.4,2.75,0,0,0,0,0,0,0,0,0,0,0,0,0,0,0,0,0,0,0,0
"Duane  Griffin",3.2,4.2,0,0,0,0,0,0,0,0,1,0,0,0,1,0,0,0,1,0,0,0
"Duane  Stock",2.8,3.5,0,0,0,0,0,0,1,0,0,1,0,0,0,0,0,0,0,0,0,0
"Duo  Zhang",3.7,3.1,0,0,0,0,0,0,0,0,0,0,0,0,0,0,0,0,0,0,0,0
"Dwayne  Rurka",3.3,3,1,1,1,1,0,0,1,1,1,1,0,1,0,1,0,0,1,0,1,0
"E  Alford",4,1,0,0,0,0,0,0,0,0,0,0,0,0,0,0,0,0,0,0,0,0
"E  Lester",3,3.35,0,1,0,1,0,0,0,0,0,0,1,1,1,0,0,0,0,0,0,0
"Eckhardt",2.4,2.25,0,0,0,0,0,0,0,0,0,0,0,0,0,0,0,0,0,0,0,0
"Ed  Bosworth",2.4,2.9,0,0,0,0,0,0,0,0,0,0,0,0,0,0,0,0,0,0,0,0
"Ed  Giardina",4.5,2.25,0,0,0,0,0,0,0,0,0,0,0,0,0,0,0,0,0,0,0,0
"Ed  Inch",3.3,3,0,0,0,0,0,0,0,0,0,0,0,0,0,0,0,0,0,0,0,0
"Ed  Pavlic",3.8,3.6,0,0,0,0,0,0,0,0,0,0,0,0,0,0,0,0,0,0,0,0
"Edith  Hays",3.3,2.55,1,0,0,1,1,1,0,0,1,0,1,0,0,0,1,1,0,1,0,0
"Edward  Wong",3.6,3.65,1,1,1,1,0,1,1,1,1,1,1,1,1,0,0,1,1,1,1,0
"Edwin  Gentzler",4,3,0,0,0,0,0,0,0,0,0,0,0,0,0,0,0,0,0,0,0,0
"Effie  Cochran",3.7,3.3,1,0,0,1,0,1,0,0,1,0,1,1,0,0,0,0,0,0,0,1
"Eleanor  Branch",3.4,3.92857142857143,1,0,0,1,0,1,1,1,1,0,1,0,0,0,0,0,0,0,1,0
"Eli  Amdur",4.8,2.9,0,0,0,0,0,0,0,0,0,0,0,0,0,0,0,0,0,0,0,0
"Elinor  Brown",2.7,2.66666666666667,0,0,0,0,0,0,0,0,0,0,0,0,0,0,0,0,0,0,0,0
"Elizabeth  Allen",2.4,3.85,0,0,0,0,0,0,0,0,0,0,0,0,0,0,0,0,0,0,0,0
"Elizabeth  Bloch-Smith",3.3,3.22222222222222,1,0,0,1,0,0,0,0,1,0,0,0,0,0,0,0,0,0,0,0
"Elizabeth  Borgwardt",4.8,3.22222222222222,1,1,1,1,0,0,1,0,0,0,1,0,0,0,0,0,0,0,0,0
"Elizabeth  Salter",3.2,3.55,0,0,0,1,0,1,0,0,1,0,1,0,0,1,0,0,0,0,1,0
"Elizabeth  Spievak",2.9,4.3,1,0,1,1,0,1,1,1,1,0,1,1,0,1,0,0,0,0,0,0
"Elizabeth  Van Den Berg",3.7,3.78947368421053,1,0,0,0,0,1,0,0,0,0,0,0,0,0,0,1,0,0,0,0
"Elle  Feth",2.1,3.5,0,0,0,0,0,0,0,0,1,0,0,0,0,1,0,0,0,0,0,0
"Ellen  Knapp",3,3.3,0,1,0,1,0,0,0,0,1,0,0,0,0,0,0,0,0,0,0,0
"Ellie  Ragland",2.5,2.44444444444444,0,0,0,0,0,0,0,0,0,0,0,0,0,0,0,0,0,0,0,0
"Ellis  Jones",4.4,2.64705882352941,0,0,0,0,0,0,0,0,0,0,0,0,0,0,0,0,0,0,0,0
"Emily  Blanck",3.7,3.05,1,1,0,1,0,0,0,0,1,0,1,1,0,1,0,0,1,0,1,0
"Emily  Johnson-Boyd",4.8,2.5,0,0,0,0,0,0,0,0,0,0,0,0,0,0,0,0,0,0,0,0
"Enid  Trucios-Haynes",3.8,1.33333333333333,0,0,0,0,0,0,0,0,0,0,0,0,0,0,0,0,0,0,0,0
"Eric  Bushrow",3.5,2.6,0,0,0,0,0,0,0,0,0,0,0,0,0,0,0,0,0,0,0,0
"Eric  Ericksen",3,3.1,0,0,0,0,0,0,0,0,0,0,0,0,0,0,0,0,0,0,0,0
"Eric  Rawdon",4.2,3.33333333333333,0,0,0,0,0,0,0,0,0,0,0,0,0,0,0,0,0,0,0,0
"Eric  Ruckh",3.6,3.95,1,0,0,1,0,0,0,1,1,0,1,0,0,0,0,0,0,0,0,0
"Eric  Winters",3.6,3.5,0,0,1,0,0,1,0,0,0,0,0,0,1,0,0,0,0,0,0,0
"Erica  Abeel",3.3,1.63157894736842,0,0,0,0,0,0,0,0,0,0,0,0,0,0,0,0,0,0,0,0
"Erik  Carver",3.3,4,0,0,0,0,0,0,0,0,0,0,0,0,0,0,0,0,0,0,0,0
"Erin  Finn",3.8,3,1,0,0,1,1,0,0,0,0,0,0,0,0,0,0,0,0,0,0,0
"Ernie  Rice",3.8,2.33333333333333,0,0,0,0,0,0,0,0,0,0,0,0,0,0,0,0,0,0,0,0
"Eugene  Cuevas",3.3,3.1,1,1,1,1,0,0,0,0,1,1,0,0,0,0,0,0,0,0,0,0
"Eugene A.  Berg",4.2,3.15,0,0,0,0,0,1,0,0,0,0,0,0,0,0,0,0,0,0,0,0
"Eugenia  Malitsky",3,3.6,0,1,0,0,1,1,0,0,1,1,0,1,1,1,0,1,0,1,0,0
"Eva  Sadowski",2.9,3.4,0,0,0,0,0,0,0,0,0,0,0,0,0,0,0,0,0,0,0,0
"Evalee  Lasater",2.3,2.66666666666667,0,0,0,0,0,0,0,0,0,0,0,0,0,0,0,0,0,0,0,0
"Everett  Fox",4.2,1.7,0,1,1,0,0,0,0,0,0,0,0,0,1,1,0,0,0,0,0,0
"Ewa  Duma",4.1,2.5,1,1,1,0,1,1,0,0,1,1,1,1,1,0,1,0,0,0,0,0
"Ewa  Wasilewska",2.9,4.4,1,0,0,0,0,0,0,1,1,1,1,1,0,1,0,0,0,0,1,0
"Ewing  Chinn",2.3,1.8,0,0,0,0,0,0,0,0,0,0,0,0,0,0,0,0,0,0,0,0
"F  Goosetree",5,1.2,0,0,0,0,0,0,0,0,0,0,0,0,0,0,0,0,0,0,0,0
"F  Houston",2.3,1.875,0,0,0,0,0,0,0,0,0,0,0,0,0,0,0,0,0,0,0,0
"F.S.J.  Ledgister",4.4,3.94117647058824,0,0,0,0,0,0,0,0,1,0,0,0,0,0,0,0,0,0,0,1
"Fardad  Firooznia",3.6,3.8,0,0,0,0,0,0,0,0,0,0,0,0,0,0,0,0,0,0,0,0
"Farida  Cheriet",4.2,2.35714285714286,0,0,0,0,0,0,0,0,0,0,0,0,0,0,0,0,0,0,0,0
"Faye  Smyle",4.5,2.91666666666667,0,0,0,0,0,0,0,0,1,0,1,1,1,0,0,0,1,0,1,0
"Fernando  Coronil",2.9,3.33333333333333,0,0,0,0,0,0,0,0,0,0,0,0,0,0,0,0,0,0,0,0
"Fields  Larry",3.8,3.5,0,0,0,0,0,0,0,0,0,0,0,0,0,0,0,0,0,0,0,0
"Filiz  Dogru",3.5,3.1,1,1,0,0,0,1,0,1,1,0,1,1,1,0,0,1,0,1,0,0
"Francis  Catalano",4.4,2.5,1,0,0,0,0,1,0,0,1,1,0,1,0,0,1,0,0,0,0,0
"Francis  Chan",4.8,2,0,0,0,0,0,0,0,0,0,0,0,0,0,0,0,0,0,0,0,0
"Francis  Martini",4.5,2,0,0,0,0,0,0,0,0,0,0,0,0,0,0,0,0,0,0,0,0
"Francisco  Balderrama",4.4,1.9,0,0,1,0,0,0,1,1,0,0,0,0,0,0,0,0,0,0,0,0
"Frank  Foster",4.5,1.25,1,0,1,1,1,0,0,0,0,0,0,0,0,0,1,0,0,0,0,0
"Frank  Giarratani",3.8,2.85,0,0,1,0,0,0,1,1,1,1,1,0,0,0,0,0,0,0,0,0
"Frank  Harvey",3.5,3.7,1,0,1,1,1,0,1,0,0,0,1,0,0,1,0,0,0,0,0,0
"Frank  Mitchell",4.3,1.85,1,1,1,1,1,1,1,1,0,1,1,0,0,1,1,0,0,0,0,0
"Frank  Thomas",4.4,3,0,0,0,0,0,0,0,0,0,0,0,0,0,0,0,0,0,0,0,0
"Frank  Tsui",3,4,0,0,1,1,0,0,0,0,1,0,1,0,0,1,0,0,0,1,0,0
"Fred  Ream",2.8,3.2,1,1,1,1,1,1,0,0,1,1,0,1,0,1,1,0,0,0,0,0
"Fred  Simmond",3.7,1.28571428571429,0,0,0,0,0,0,0,0,0,0,0,0,0,0,0,0,0,0,0,0
"Fred  Smoler",4.2,3.08333333333333,1,0,0,0,0,0,0,1,0,0,0,0,0,0,0,0,0,0,0,0
"Fred  Stewart",4.4,1.65,1,1,1,0,1,1,1,0,0,1,0,0,1,1,0,0,1,0,0,0
"Fred  Williams",1,2.75,0,0,0,0,0,0,0,0,0,0,0,0,0,0,0,0,0,0,0,0
"Freda  Decerbo",3.7,2.6875,0,0,0,0,0,0,0,0,0,0,0,0,0,0,0,0,0,0,0,0
"Frederick  Amrine",3.8,2.9,0,0,0,0,0,1,1,1,1,0,1,0,0,1,0,1,0,0,0,0
"Frederick  Frank",4.1,3.05,0,0,0,0,0,0,0,0,0,0,0,0,0,0,0,0,0,0,0,0
"Frederick  Kaufman",3.4,3,0,0,1,1,0,0,0,1,0,0,1,0,0,0,0,0,0,0,0,0
"Frederick  Phelps",1.6,4.6,0,0,0,0,0,0,0,0,0,0,0,0,0,0,0,0,0,0,0,0
"Fredoline O  Annunobi",2.8,2.6,0,0,0,0,0,0,0,0,0,0,0,0,0,0,0,0,0,0,0,0
"Fuller,",5,1,0,0,0,0,0,0,0,0,0,0,0,0,0,0,0,0,0,0,0,0
"G  Cutler",4.5,2.1,0,0,0,0,0,0,0,0,0,0,0,0,0,0,0,0,0,0,0,0
"G. Creighton  Frampton",3.6,1.7,1,0,1,0,0,0,0,1,1,0,1,0,0,1,0,0,0,0,0,0
"Gabrielle  Michaelis",4.7,2,0,0,0,0,0,0,0,0,0,0,0,0,0,0,0,0,0,0,0,0
"Gail  Terry",3.6,3.28571428571429,0,0,0,0,0,0,0,0,0,0,0,0,0,0,0,0,0,0,0,0
"Gale  Bruce",3.9,2.65,0,0,0,0,0,0,0,0,0,0,0,0,0,0,0,0,0,0,0,0
"Gale L.  Jones-Hardimon",4.7,1.33333333333333,0,0,0,0,0,0,0,0,0,0,0,0,0,0,0,0,0,0,0,0
"Gamble",4.7,1.47368421052632,0,0,0,0,0,0,0,0,0,0,0,0,0,0,0,0,0,0,0,0
"Garrison  Sposito",3.8,3,0,0,0,0,1,0,0,0,0,0,1,0,0,1,0,0,0,0,0,0
"Gary  Boyd",3,3.66666666666667,0,0,0,0,0,0,0,0,0,0,0,0,0,0,0,0,0,0,0,0
"Gary  Bruce",4.8,2.75,1,1,1,0,1,0,1,1,0,1,1,0,0,0,0,0,0,0,0,0
"Gary  Clark",4.2,1.61111111111111,0,0,0,0,0,0,0,0,0,0,0,0,0,0,0,0,0,0,0,0
"Gary  Toller",3.4,2.9,0,0,0,0,0,0,0,0,0,0,0,0,0,0,0,0,0,0,0,0
"Gay  Sweely",4.8,1.75,1,1,1,1,1,1,1,1,1,1,0,0,1,0,0,1,0,0,0,0
"Gene  Pouncy",2.9,3.7,0,0,0,0,0,0,0,0,1,0,0,0,0,0,0,0,0,0,0,0
"Gene  Singleton",4.4,2,0,0,0,0,0,0,0,0,0,0,0,0,0,0,0,0,0,0,0,0
"George  Curry",4.5,3.5,0,0,0,0,0,0,0,0,0,0,0,0,0,0,0,0,0,0,0,0
"George  Hardy",2.5,4,0,0,0,0,0,0,0,0,0,0,0,0,0,0,0,0,0,0,0,0
"George  Williams",3,2,0,0,0,0,0,0,0,0,0,0,0,0,0,0,0,0,0,0,0,0
"Gerald  Ludwig",4.1,2.05,1,1,0,1,1,0,0,0,1,0,1,1,0,0,1,1,0,0,0,0
"Gerald  McCausland",3.3,4.3,0,0,0,0,0,0,0,0,0,0,0,0,0,0,0,0,0,0,0,0
"Gerald  O\'Connell",5,4,0,0,0,0,0,0,0,0,0,0,0,0,0,0,0,0,0,0,0,0
"Gerald  Visgilio",3.4,3.30769230769231,0,0,0,0,0,0,0,0,0,0,0,0,0,0,0,0,0,0,0,0
"Geri  Olson",3.3,2.3,0,1,0,1,0,1,0,1,0,0,0,1,1,1,0,0,1,0,1,0
"Gerry  McKeon",2,3.53846153846154,0,0,0,0,0,0,0,0,0,0,0,0,0,0,0,0,0,0,0,0
"Gesine  Robinson",3.3,2.33333333333333,0,0,0,0,0,0,0,0,0,0,0,0,0,0,0,0,0,0,0,0
"Glanville",2.7,2.4,0,0,0,0,0,0,0,0,0,0,0,0,0,0,0,0,0,0,0,0
"Glenda  Williams",4.6,2.29411764705882,0,0,0,0,0,0,0,0,0,0,0,0,0,0,0,0,0,0,0,0
"Glenn  Carter",4.4,2.55,1,1,1,1,1,1,0,1,1,1,1,1,1,1,0,0,0,1,0,0
"Glenna  Vanderhoof",4.8,1.05,0,1,0,0,0,1,0,0,0,0,0,0,0,0,0,0,0,0,0,0
"Gordon  McNorton",4.2,1.4,0,0,0,0,0,0,0,0,0,0,0,0,0,0,0,0,0,0,0,0
"Greg  Detweiler",4.1,3,0,1,0,0,0,1,0,1,0,0,0,0,0,0,0,0,0,0,0,0
"Greg  Heberling",3.4,2.26666666666667,0,0,0,0,0,0,0,0,0,0,0,0,0,0,0,0,0,0,0,0
"Greg  Osland",3.7,3.53846153846154,1,0,0,0,0,0,0,0,1,0,1,0,0,1,0,0,1,1,0,0
"Greg  Stapleton",4.5,1.5,0,0,0,0,0,0,0,0,0,0,0,0,0,0,0,0,0,0,0,0
"Gregory Neil  Kawchuk",4.8,3.13333333333333,0,0,0,0,0,0,0,0,0,0,0,0,0,0,0,0,0,0,0,0
"Greta  Vollmer",3.2,3.11764705882353,0,0,0,0,0,0,0,0,0,0,0,0,0,0,0,0,0,0,0,0
"Gretchan  Van Lente",4.3,2.4,0,0,0,0,0,0,0,0,0,0,0,0,0,0,0,0,0,0,0,0
"Griswold",1.8,4.25,0,0,0,0,0,0,0,0,0,0,0,0,0,0,0,0,0,0,0,0
"Guy  King",3.9,1.75,0,0,0,0,1,0,0,0,0,0,1,0,0,0,0,0,0,0,0,0
"H  Espravnik",3.5,1.83333333333333,0,0,0,1,0,0,0,0,0,0,0,0,0,1,0,0,0,0,0,0
"H  Henson",4.8,4,0,0,0,0,1,0,1,1,0,0,0,0,0,0,0,0,0,0,0,0
"H  Lawson",3.1,2.5,0,0,0,0,0,0,0,0,0,0,0,0,0,0,0,0,0,0,0,0
"H  Mann",4.8,3.05,1,1,1,1,1,0,1,1,1,1,0,0,1,1,1,0,0,0,0,0
"Hal  Blythe",4.9,2.6,0,0,0,0,0,0,0,0,0,0,0,0,0,0,0,0,0,0,0,0
"Hammad  Siddiqi",4,2,0,0,0,0,0,0,0,0,0,0,0,0,0,0,0,0,0,0,0,0
"Hannah  Ulman",4.8,2.66666666666667,0,0,0,0,0,0,0,0,0,0,0,0,0,0,0,0,0,0,0,0
"Harihar  Khanal",2.9,2.65,0,0,1,0,1,1,0,0,1,0,0,1,0,1,1,0,1,0,0,0
"Harry  Meshaw",3.6,2.58333333333333,1,1,0,0,0,1,0,0,0,0,0,0,0,1,1,0,0,0,0,0
"Hashim  Gibrill",5,3.5,0,0,0,0,0,0,0,0,0,0,0,0,0,0,0,0,0,0,0,0
"Hassan  Qudrat-Ullah",2.6,3.35,0,0,0,0,0,1,0,0,1,0,0,0,0,0,0,0,0,0,0,0
"Heather  Adams-Blair",4.6,2.70588235294118,1,0,1,0,0,0,0,1,0,0,0,0,0,0,0,0,0,0,0,0
"Heather  Albanesi",4.5,3.35,1,0,0,1,0,1,1,0,1,0,1,0,0,1,0,0,0,0,0,0
"Heibatollah  Sami",1.9,4.38888888888889,0,0,0,0,0,0,0,0,0,0,0,0,0,0,0,0,0,0,0,0
"HENGAMEH  Hosseini",3.5,2.55,0,0,0,0,0,0,0,0,0,0,0,0,0,0,0,0,0,0,0,0
"Henry  Schreiber",2.7,3.1,0,0,0,0,0,0,0,0,0,0,0,0,0,0,0,0,0,0,0,0
"Hilary  MacKie",4.8,3.5,0,0,0,0,0,0,0,0,0,0,0,0,0,0,0,0,0,0,0,0
"Hilary  Seagle",3.3,3.75,0,0,0,1,0,1,0,0,1,0,0,0,0,0,0,0,0,0,0,0
"Holtman",2.4,2.4,0,0,0,0,0,0,0,0,0,0,0,0,0,0,0,0,0,0,0,0
"Hon  Linda",4.8,3.25,0,0,1,0,0,0,0,1,0,0,0,0,0,0,0,0,0,0,0,0
"Howard  Shorr",2.9,3.125,0,0,0,0,0,0,0,0,0,0,0,0,0,0,0,0,0,0,0,0
"Hugh  Afshari",4.1,2.4,0,0,0,1,0,0,0,1,0,0,0,0,0,0,0,0,0,0,0,0
"Husam  Quereshi",4,2.4,0,0,0,0,0,0,0,0,0,0,0,0,0,0,0,0,0,0,0,0
"Hwan  Kim",2.9,2,0,0,0,0,0,0,0,0,0,0,0,0,0,0,0,0,0,0,0,0
"Ian  Gellatly",3,2.10526315789474,1,0,0,1,1,0,0,1,1,0,1,0,0,1,0,0,1,1,0,1
"Ian  Kinder",4.2,3.25,1,1,1,1,1,1,0,1,1,0,0,0,1,0,0,0,0,0,0,0
"Ian  McMahan",3.5,2.9,0,0,0,0,0,0,0,0,0,0,0,0,0,0,0,0,0,0,0,0
"Ian  Short",3.4,3.11111111111111,0,0,0,0,1,0,0,0,0,0,0,1,0,0,0,0,0,1,0,0
"Ian  Spears",4.5,3.3,1,1,1,1,0,1,1,1,1,1,1,0,1,1,0,0,0,0,0,1
"Ian  Wojcik-Andrews",3.7,2.85,1,1,0,1,1,1,0,1,1,0,1,1,0,1,1,1,0,0,0,1
"Ica  Manas-Zloczower",4.6,3.8,0,0,0,0,0,0,0,0,0,0,0,0,0,0,0,0,0,0,0,0
"Ida  Slusher",2.8,3.9,1,1,1,0,1,1,0,1,1,0,1,0,0,1,0,1,0,1,0,0
"Ilya  Vinitskiy",5,1.5,0,0,0,0,0,0,0,0,0,0,0,0,0,0,0,0,0,0,0,0
"Imafidon  Olaye",2.9,3.4,1,0,1,1,1,1,0,0,1,0,1,0,0,1,0,0,0,0,0,0
"Ingrid  Stadler",3.4,4.14285714285714,0,0,0,0,0,0,0,0,0,0,0,0,0,0,0,0,0,0,0,0
"Ioannis  Psaromiligkos",4.9,3.83333333333333,0,1,1,0,0,0,0,0,1,0,0,0,0,0,0,0,0,0,0,0
"Ionna  Ghenciu",3.6,2.16666666666667,0,0,0,0,0,0,0,0,0,0,0,0,0,0,0,0,0,0,0,0
"Irv  Englander",3.2,4.3,0,0,0,0,0,0,0,1,0,0,0,0,0,0,0,0,0,0,0,0
"Israel  Abramov",2.8,4.45,0,1,0,0,1,1,0,1,1,0,1,0,0,1,0,1,0,1,0,0
"Itzhak  Kerstein",4.2,2.14285714285714,1,1,1,0,0,0,0,0,0,0,0,0,0,0,0,0,0,0,0,0
"Ivy  Rollins",4.2,2,0,0,0,0,0,0,0,0,0,0,0,0,0,0,0,0,0,0,0,0
"Iwan  Alexander",3,3.7,0,0,0,0,0,0,0,0,0,0,0,0,0,0,0,0,0,0,0,0
"J  Allen",4.6,2.6875,0,1,0,0,1,0,1,1,1,0,1,0,0,0,0,0,0,0,0,0
"J  Burton",4.8,3.25,0,0,0,0,0,0,0,0,0,0,0,0,0,0,0,0,0,0,0,0
"J  English",5,3.5,0,0,0,0,0,0,0,0,0,0,0,0,0,0,0,0,0,0,0,0
"J  Espey",3.3,4.25,0,0,0,0,0,0,1,0,1,1,1,0,0,1,0,0,0,0,0,0
"J  Gains",4.8,2,0,0,0,0,0,0,0,0,0,0,0,0,0,0,0,0,0,0,0,0
"J  Harrison",1,5,0,0,0,0,0,0,0,0,0,0,0,0,0,0,0,0,0,0,0,0
"J  Harville",4.5,2.28571428571429,0,0,0,0,0,0,0,0,0,0,0,0,0,0,0,0,0,0,0,0
"J  Jenkins",1.4,4.5,0,0,0,0,0,0,0,0,0,0,0,0,0,0,0,0,0,0,0,0
"J  Lowe",2.1,4.25,0,0,0,0,0,0,0,0,0,0,0,0,0,0,0,0,0,0,0,0
"J  Neilan",3,3.9,0,0,0,0,0,0,0,0,0,0,0,0,0,0,0,0,0,0,0,0
"J  Rogers",4.6,3.8,0,0,1,0,0,1,0,0,0,0,0,0,0,0,1,0,0,0,0,0
"J  Scarbrough",3,4,0,0,0,0,0,0,0,0,0,0,0,0,0,0,0,0,0,0,0,0
"J.  Weathers",1,5,0,0,0,0,0,0,0,0,0,0,0,0,0,0,0,0,0,0,0,0
"J.W.  Morrissette",4.8,2,0,0,0,0,0,0,0,0,0,0,0,0,0,0,0,0,0,0,0,0
"Jack  Caravanos",4.8,2.38888888888889,0,0,1,0,0,0,1,1,0,0,0,0,0,0,0,0,0,0,0,0
"Jacoba  Koene",4.5,3.42857142857143,0,0,0,0,0,0,0,0,0,0,0,0,0,0,0,0,0,0,0,0
"James  Allard",4.3,3.75,1,1,1,1,0,1,1,1,1,1,1,0,0,0,0,0,0,0,1,1
"James  Arvo",4.6,2.7,0,0,0,0,0,0,0,0,0,0,0,0,0,0,0,0,0,0,0,0
"James  Cawley",3.3,3.25,1,0,0,1,0,0,0,0,0,1,1,0,1,0,0,0,0,0,0,0
"James  Cebula",3.2,3.83333333333333,0,0,0,0,0,0,0,0,0,0,0,0,0,0,0,0,0,0,0,0
"James  Chambers",3.1,4.4,1,1,0,1,0,1,0,0,0,0,0,1,1,1,0,0,0,0,0,0
"James  Curran",4.5,1.6,0,0,0,0,0,0,0,0,0,0,0,0,0,0,0,0,0,0,0,0
"James  Davig",2,4.1,0,0,0,0,0,0,0,0,0,0,0,0,0,0,0,0,0,0,0,0
"James  Daybell",4,2.8,0,0,0,0,0,0,0,0,0,0,0,0,0,0,0,0,0,0,0,0
"James  Forsythe",4.5,2.5,1,0,1,0,0,0,0,1,0,0,0,0,0,0,0,0,0,0,0,0
"James  Garner",2.2,4.1,0,0,0,0,0,1,0,0,1,0,0,0,0,0,0,0,0,0,0,0
"James  Hannon",4.1,3.88888888888889,0,0,0,0,0,0,0,0,0,0,0,0,0,0,0,0,0,0,0,0
"James  Muckell",4.8,3.25,0,1,0,0,0,0,0,0,0,1,0,0,0,0,1,0,0,0,0,0
"James  Nesta",4,3,0,0,0,0,0,0,0,0,0,0,0,0,0,0,0,0,0,0,0,0
"James  Price",1.8,3.5,0,0,0,0,0,0,0,0,0,0,0,0,0,0,0,0,0,0,0,0
"James  Robinson",2.3,2.55,0,0,0,0,0,0,0,0,0,0,0,0,0,0,0,0,0,0,0,0
"James  Terry",3.8,3.27777777777778,0,0,0,0,0,0,0,0,0,0,0,0,0,0,0,0,0,0,0,0
"James  Tompkins",4.2,3.9,1,1,1,1,0,1,1,1,1,1,0,0,0,1,0,0,1,0,0,0
"James  Worley",3.5,2.25,0,0,0,0,0,0,0,0,0,0,0,0,0,0,0,0,0,0,0,0
"Jamie  Bush",4.5,2.5,0,0,0,0,0,0,0,0,0,0,0,0,0,0,0,0,0,0,0,0
"Jamie  Mills",1.6,3.94736842105263,0,0,0,0,1,1,0,0,0,0,0,1,0,1,0,0,0,1,0,0
"Jan  Bittenbender",2.7,3.14285714285714,0,0,0,0,0,0,0,0,0,0,0,0,0,0,0,0,0,0,0,0
"Jan  Humphreys",4.2,2.66666666666667,0,0,0,0,0,0,0,0,0,0,0,0,0,0,0,0,0,0,0,0
"Jan  Tarski",2.2,2.45,0,0,0,0,0,0,0,0,0,0,0,0,0,0,0,0,0,0,0,0
"Jane  Dunn",3.7,3.65,0,0,0,0,0,0,0,0,0,0,0,0,0,0,0,0,0,0,0,0
"Jane  Nodine",3.4,3.57142857142857,0,0,0,0,0,0,0,0,0,0,0,0,0,0,0,0,0,0,0,0
"Janel  Sexton",3.9,3.6,0,0,0,0,0,0,0,0,0,0,0,0,0,0,0,0,0,0,0,0
"Jans  Wager",4.5,3,1,1,1,1,1,1,1,0,1,1,1,0,0,0,0,1,1,0,0,0
"Jason  Carland",2.5,2.33333333333333,0,0,0,0,0,0,0,0,0,0,0,0,0,0,0,0,0,0,0,0
"Jason  Sloan",5,3.15,1,0,1,0,0,1,0,0,0,0,0,0,1,0,0,0,1,0,0,0
"Jay  Dull",5,1,0,0,0,0,0,0,0,0,0,0,0,0,0,0,0,0,0,0,0,0
"Jay  Ko",3.5,3.3,0,1,1,0,1,1,0,0,1,1,1,1,1,0,0,0,0,1,0,0
"Jean  Craig-Teerlink",2.9,4.30769230769231,0,0,0,0,0,0,0,0,0,0,0,0,0,0,0,0,0,0,0,0
"Jeff  Bernhardt",2.7,2.83333333333333,0,0,0,0,0,0,0,0,0,0,0,0,0,0,0,0,0,0,0,0
"Jeff  Kurtz",4,3.15384615384615,0,0,1,1,0,0,0,1,0,0,0,0,0,0,0,0,0,0,0,0
"Jeff  Lynn",4.4,2.47058823529412,0,0,0,0,0,0,0,0,0,0,0,0,0,0,0,0,0,0,0,0
"Jeff  Price",3.3,3.4375,0,0,0,0,0,0,0,0,0,0,0,0,0,0,0,0,0,0,0,0
"Jeff  Rodgers",4.1,3.14285714285714,0,0,0,0,0,0,0,0,0,0,0,0,0,0,0,0,0,0,0,0
"Jeffery  Bieber",4.2,3.16666666666667,0,0,0,0,0,0,0,0,0,0,0,0,0,0,0,0,0,0,0,0
"Jeffery  Zorn",4.2,3.7,0,0,0,0,0,1,0,0,1,0,0,1,0,0,0,0,0,0,0,0
"Jeffrey  Gutliph",4.5,2.7,1,1,1,1,1,1,1,0,1,1,1,1,0,0,0,0,0,0,0,0
"Jeffrey  Kent",3.7,3.9,1,1,1,1,1,1,1,1,1,0,1,0,1,1,1,0,0,1,0,0
"Jeffrey  Nielsen",4.4,1.625,0,0,0,0,0,0,0,0,0,0,0,0,0,0,0,0,0,0,0,0
"Jeffrey  Salloway",3.8,3.75,0,0,0,0,0,0,0,0,0,0,0,0,0,0,0,0,0,0,0,0
"Jeffrey  Sawyer",3.7,3.57142857142857,1,0,0,0,0,0,0,0,1,1,1,0,0,0,0,0,1,0,0,0
"Jenni  Marshall",2.9,3.25,0,0,0,0,0,0,0,0,0,0,0,0,0,0,0,0,0,0,0,0
"Jennifer  Austin",4.7,1.95,1,0,0,0,1,0,0,0,1,0,0,0,0,0,0,0,0,0,0,0
"Jennifer  Jossendal",3.1,3.2,0,0,1,1,0,1,0,0,1,0,1,1,0,1,1,0,0,0,0,1
"Jennifer  Krozier",4.4,2.1,0,0,0,0,0,0,0,0,0,0,0,0,0,0,0,0,0,0,0,0
"Jennifer  Shaw",4,2.9,1,0,0,0,0,0,0,0,1,0,1,0,0,0,0,0,0,0,0,0
"Jennifer  Spock",4.3,4.05,1,1,0,1,0,1,0,0,1,0,1,1,0,1,1,0,0,0,0,0
"Jenny  Quintana",3.8,3.33333333333333,0,0,0,0,0,0,0,0,0,0,0,0,0,0,0,0,0,0,0,0
"Jeremy  Rosenau",3,3.57142857142857,0,0,0,0,0,0,0,0,0,0,0,0,0,0,0,0,0,0,0,0
"Jeremy  Van Antwerp",2.7,3.2,0,0,0,0,0,0,0,0,0,0,0,0,0,0,0,0,0,0,0,0
"Jerome  Cooper",1,5,0,0,0,0,0,0,0,0,0,0,0,0,0,0,0,0,0,0,0,0
"Jerome  Taylor",1.7,3.63157894736842,0,0,0,0,0,0,0,0,0,0,0,0,0,0,0,0,0,0,0,0
"Jerry  Colasurdo",4.1,2.05,0,0,0,0,0,0,0,0,0,0,0,0,0,0,0,0,0,0,0,0
"Jerry  Giger",3.96153846153846,2.23076923076923,0,0,0,0,0,0,0,0,0,0,0,0,0,0,0,0,0,0,0,0
"Jerry  Johnson",4.4,3.5,0,1,1,0,0,0,0,0,0,0,0,0,0,0,0,0,0,0,0,0
"Jerry  Jones",3.6,1.66666666666667,0,0,0,0,1,0,0,0,0,0,0,0,0,0,0,0,0,0,0,0
"Jerry  Scripps",3.2,3.25,0,1,1,0,1,0,0,0,1,1,0,1,1,0,1,1,1,0,0,0
"Jesse  Delgado",4.1,1.42857142857143,0,0,0,0,0,0,0,0,0,0,0,0,0,0,0,0,0,0,0,0
"Jessica  Hartos",4,2.36363636363636,0,0,0,0,0,0,0,0,0,0,0,0,0,0,0,0,0,0,0,0
"Jessica  Wyman",3.7,3.42857142857143,0,0,0,0,0,0,0,0,0,0,0,0,0,0,0,0,0,0,0,0
"Jessie  Yearwood",3,3.55,0,0,0,0,1,0,0,0,1,0,1,0,0,1,0,0,1,1,0,1
"Jim  Baker",4,1.44444444444444,0,0,0,0,0,0,0,0,0,0,0,0,0,0,0,0,0,0,0,0
"Jim  Burns",3.6,3.88235294117647,1,1,1,1,0,1,0,1,1,0,0,1,0,1,0,1,1,0,0,0
"Jim  Cantrell",4.1,1,0,0,0,0,0,0,0,0,0,0,0,0,0,0,0,0,0,0,0,0
"Jim  Curtis",4.5,2.1,0,0,0,0,0,0,0,0,0,0,0,0,0,0,0,0,0,0,0,0
"Jim  Lissemore",4,3.8,0,0,1,0,0,0,0,0,1,0,0,1,0,0,0,0,0,0,0,0
"Jim  Mulrooney",4.8,2.3,1,1,0,1,1,1,1,0,1,0,1,0,0,0,0,0,0,0,0,0
"Jim  Pletcher",3.6,4.5,0,0,0,0,0,0,0,0,0,0,0,0,0,0,0,0,0,0,0,0
"Jim  Slowiak",3.2,2.83333333333333,0,1,1,1,0,1,0,0,1,0,0,0,0,0,0,0,0,0,0,0
"Jim  Uyekawa",4.1,3.45,1,1,1,0,0,1,0,1,1,0,0,0,0,0,0,0,0,0,0,0
"Jim  Walker",3.9,3,1,0,1,1,1,1,0,0,0,0,0,0,1,0,1,0,0,1,0,0
"Jim  Whitehead",4.2,2.27777777777778,0,0,0,0,0,0,0,0,0,0,0,0,0,0,0,0,0,0,0,0
"Jj  Wilson",4.3,2.375,0,0,0,0,0,0,0,0,0,0,0,0,0,0,0,0,0,0,0,0
"Joan  Felt",4.6,2.6,0,0,0,0,0,0,0,0,0,0,0,0,0,0,0,0,0,0,0,0
"Joan  Krone",2.4,3,0,1,0,0,0,0,0,0,0,0,0,0,0,1,0,0,0,0,0,0
"Joan  Lobo",3.3,3.5,1,1,1,0,1,0,0,0,1,0,1,0,0,1,1,0,0,1,0,0
"Joan  McAfee",4.6,2,0,0,0,0,0,0,0,0,0,0,0,0,0,0,0,0,0,0,0,0
"Joan  Sallenger",2.9,1.35,0,0,0,0,0,0,0,0,0,0,0,0,0,0,0,0,0,0,0,0
"Joann  Chirico",3.5,3.1,1,1,0,0,0,0,0,0,0,0,0,0,0,1,0,0,0,0,0,0
"Joann  Eisberg",4.2,2.85,1,1,1,0,1,1,1,1,1,1,0,1,0,1,1,0,1,0,0,0
"Joann  Hilton",4.5,3,0,0,0,0,0,0,0,0,0,0,0,0,0,0,0,0,0,0,0,0
"Joanne  Brown",3.2,2.2,0,0,0,0,0,0,0,0,0,0,0,0,0,0,0,0,0,0,0,0
"Joe  Murdico",4.8,1.6,0,0,0,0,0,0,1,0,0,1,0,0,0,0,0,0,0,0,0,0
"Joe  Reilly",3,4,0,0,0,0,0,0,0,0,0,0,0,0,0,0,0,0,0,0,0,0
"Joel  Zeitlin",4.1,2.2,0,0,0,0,0,0,0,0,0,0,0,0,0,0,0,0,0,0,0,0
"Joey  Parker",4.4,2.25,0,0,0,0,0,0,0,0,0,0,0,0,0,0,0,0,0,0,0,0
"Johannes  Van Biesebroeck",3.8,3.33333333333333,0,0,0,0,0,0,0,0,0,0,0,0,0,0,0,0,0,0,0,0
"John  Alcaraz",2.7,3.2,0,0,0,0,0,0,0,0,0,0,0,0,0,0,0,0,0,0,0,0
"John  Arbegust",4.4,2.875,0,0,0,0,0,0,0,0,0,0,0,0,0,0,0,0,0,0,0,0
"John  Baer",4.1,3.65,0,1,1,0,1,0,0,0,1,0,1,1,0,1,0,0,0,0,0,0
"John  Baker",4.4,1.6,0,1,1,0,0,1,1,1,0,1,0,0,0,0,0,1,1,1,0,0
"John  Beneski",2.8,4.5,0,1,0,0,1,1,0,0,1,0,1,0,0,1,1,1,0,1,0,0
"John  Bland",5,2,0,0,0,0,0,0,0,0,0,0,0,0,0,0,0,0,0,0,0,0
"John  Bryden",4.4,2,0,0,0,0,0,0,0,0,0,0,0,0,0,0,0,0,0,0,0,0
"John  Burk",4.9,2.15,1,1,1,0,1,1,1,0,0,0,0,1,1,0,0,0,0,0,0,0
"John  Burton",4.4,2.6,0,0,0,0,0,0,0,0,0,0,0,0,0,0,0,0,0,0,0,0
"John  Charlesworth",4.3,3.15,0,0,1,0,0,1,1,1,1,1,0,0,1,1,1,0,0,0,0,0
"John  Constantino",4.9,2.25,0,0,1,1,0,0,1,0,0,0,0,0,0,0,0,0,0,0,0,0
"John  Corvino",4.5,2.95,0,0,0,0,0,0,0,0,0,1,0,0,0,1,0,1,0,0,0,0
"John  Cunningham",2.6,3.45,0,1,1,0,0,0,0,1,0,1,0,0,1,0,0,0,0,0,0,0
"John  Curra",3.9,3.75,0,1,0,0,0,1,1,1,1,1,1,0,0,1,1,0,0,1,0,0
"John  Curran",4.8,1.55555555555556,0,0,0,0,0,0,0,0,0,0,0,0,0,0,0,0,0,0,0,0
"John  Douglass",2,4.3,0,0,0,0,0,1,0,0,1,0,1,0,0,1,0,0,0,0,1,0
"John  Enomoto",3.6,1.55,1,0,1,1,1,0,0,0,0,0,0,1,0,1,1,0,0,0,0,0
"John  Eppler",4.8,1.33333333333333,0,0,0,0,0,0,0,0,0,0,0,0,0,0,0,0,0,0,0,0
"John  Everett",4.5,2.09090909090909,0,0,0,0,0,0,0,0,0,0,0,0,0,0,0,0,0,0,0,0
"John  Everitt",3.7,2.64705882352941,0,0,0,0,0,0,0,0,0,0,0,0,0,0,0,0,0,0,0,0
"John  Ferguson",4.3,1.4,0,1,1,0,0,0,0,1,0,0,0,0,0,0,0,0,0,0,0,0
"John  Fernandez",4.3,3.5,0,0,0,0,0,0,0,0,0,0,0,0,0,0,0,0,0,0,0,0
"John  Gallaher",4.6,1.85,1,0,0,0,0,0,1,1,0,1,0,0,0,0,0,0,0,0,0,0
"John  Greenland",4.1,2,0,0,0,0,0,0,0,0,0,0,0,0,0,0,0,0,0,0,0,0
"John  Halfman",3.8,2.46153846153846,0,0,0,0,0,0,0,0,0,0,0,0,0,0,0,0,0,0,0,0
"John  Handy",4.5,3.11111111111111,0,0,0,0,0,0,0,0,0,0,0,0,0,0,0,0,0,0,0,0
"John  Hopkins",2.3,4.33333333333333,0,0,0,0,0,0,0,0,0,0,0,0,0,0,0,0,0,0,0,0
"John  Janicek",5,4,0,1,0,0,0,0,0,0,0,0,0,0,0,0,1,1,0,0,0,0
"John  Keating",2.1,2.23076923076923,0,0,0,0,0,0,0,0,0,0,0,0,0,0,0,0,0,0,0,0
"John  Kneski",4.3,2.14285714285714,0,0,0,0,0,0,0,0,0,0,0,0,0,0,0,0,0,0,0,0
"John  MacKo",3.9,2.5,0,0,0,0,0,0,0,0,0,0,0,0,0,0,0,0,0,0,0,0
"John  Moliassa",4.3,2.9,1,1,1,0,0,1,1,0,1,1,0,1,1,0,0,1,0,1,0,0
"John  Nelson",3.9,3.7,0,0,0,0,0,1,0,0,1,0,0,0,0,0,0,1,0,0,0,0
"John  Patierno",4.8,1.8,0,0,0,0,0,0,0,0,0,0,0,0,0,0,0,0,0,0,0,0
"John  Reed",3.3,3,0,1,0,0,1,1,1,0,1,1,1,0,1,1,0,1,0,1,1,0
"John  Russell",4.4,2.28571428571429,0,0,0,0,0,0,0,0,0,0,0,0,0,0,0,0,0,0,0,0
"John  Shore",4.3,1.16666666666667,0,0,0,0,0,0,0,0,0,0,0,0,0,0,0,0,0,0,0,0
"John  Starr",5,3.5,0,0,0,0,0,0,0,0,0,0,0,0,0,0,0,0,0,0,0,0
"John  Tudor",4.5,3.05,0,0,0,0,0,0,0,0,0,0,0,0,0,0,0,0,0,0,0,0
"John  Verdi",4.9,3.23076923076923,0,0,0,0,0,0,0,0,0,0,0,0,0,0,0,0,0,0,0,0
"John  Weigand",4.2,4,1,0,0,0,0,1,0,0,1,0,0,0,0,0,0,0,0,0,0,0
"John  Westwater",2.2,3.90909090909091,0,0,0,0,0,0,0,0,0,0,0,0,0,0,0,0,0,0,0,0
"John  Zenger",4.1,2.65,0,1,0,0,0,0,1,1,0,0,1,0,0,0,0,0,0,0,1,0
"Johnetta  Richards",2.5,4.25,0,1,0,1,0,1,1,0,1,1,1,0,0,0,0,1,0,0,1,1
"Jon  Brotherton",4.1,1.8,1,0,1,0,0,0,0,0,0,0,0,1,0,0,0,0,0,0,0,0
"Jon  Fisher",4,2.9,1,0,1,1,0,1,1,1,1,1,0,1,1,1,0,0,0,1,0,0
"Jon  McFarland",4,2.28571428571429,0,0,0,0,0,0,0,0,0,0,0,0,0,0,0,0,0,0,0,0
"Jon  Sabo",5,2.33333333333333,0,0,0,0,0,0,0,0,0,0,0,0,0,0,0,0,0,0,0,0
"Jon  Vredevoogd",3.6,1.9,0,0,0,0,0,0,0,0,0,0,0,0,0,0,0,0,0,0,0,0
"Jonathan  Anning",4,2.6,0,0,0,0,0,1,0,0,1,0,0,0,0,0,0,0,1,0,0,0
"Jonathan  Caspi",4,2.7,0,1,0,1,0,0,0,0,1,1,1,0,0,0,0,1,0,0,0,1
"Jonathan  Szura",2.8,4.15,0,0,0,0,0,0,0,0,0,0,0,0,0,0,0,0,0,0,0,0
"Jonathon  Bradshaw",4,2.5,0,0,0,0,0,0,0,0,0,0,0,0,0,0,0,0,0,0,0,0
"Jones",1.5,4,0,0,0,0,0,0,0,0,0,0,0,0,0,0,0,0,0,0,0,0
"Joseph  Davidson",2.8,3.8,0,0,0,0,0,0,0,0,1,0,0,1,0,1,0,0,0,1,0,0
"Joseph  Fruscione",3.7,3.5,0,0,0,0,0,0,0,0,0,0,0,0,0,0,0,0,0,0,0,0
"Joseph  Sierra",4.6,1.95,1,1,1,0,1,1,1,0,1,1,0,0,0,0,1,0,0,0,1,0
"Josh  Nichols",2.6,3.25,0,0,0,0,0,0,0,0,0,0,0,0,0,0,0,0,0,0,0,0
"Joy  Allameh",2.1,3.7,0,0,0,0,0,0,0,0,0,0,0,0,0,0,0,0,0,0,0,0
"Joy  Thompson",4,3.33333333333333,0,0,0,0,0,0,0,0,0,0,0,0,0,0,0,0,0,0,0,0
"Joyce  Hammer",4,3.25,0,0,0,0,0,0,0,0,0,0,0,0,0,0,0,0,0,0,0,0
"Juan  Rodriguez",3.7,2.625,0,0,0,0,0,0,0,0,0,0,0,0,0,0,0,0,0,0,0,0
"Juanita  Campos",3.4,2.2,1,0,0,1,0,1,0,1,0,0,1,1,1,0,0,0,0,0,0,0
"Judy  Adams",1.3,4.65,0,0,0,0,0,0,0,0,0,0,0,0,0,0,0,0,0,0,0,0
"Judy  Berasi",3.8,2.8125,0,0,0,0,0,0,0,0,0,0,0,0,0,0,0,0,0,1,0,0
"Judy  Gregg",4.7,1.8,0,0,0,0,0,0,0,0,0,0,0,0,0,0,0,0,0,0,0,0
"Judy  Navas",2.2,1.55,0,0,0,0,0,0,0,0,0,0,0,0,0,0,0,0,0,0,0,0
"Judy  Sumner",4.5,3.5,0,0,0,0,0,0,0,0,0,0,0,0,0,0,0,0,0,0,0,0
"Jules  O\'Shea",1.3,4.33333333333333,0,0,0,0,0,0,0,0,0,0,0,0,0,0,0,0,0,0,0,0
"Julia  Allen",3.5,2.1,1,0,0,1,0,0,0,0,1,1,1,0,0,0,0,0,0,0,0,1
"Julia  Jasken",4.5,2.27272727272727,0,0,0,0,0,0,0,0,0,0,0,0,0,0,0,0,0,0,0,0
"Julia  Scott",3.9,3.3,1,0,1,1,1,1,1,0,1,0,0,0,0,1,0,0,0,0,0,0
"Julie  Ablarde",4.5,3.2,0,0,0,0,0,0,0,0,0,0,0,0,0,0,0,0,0,0,0,0
"Julie  Benavides",5,2.9,1,0,1,1,0,0,1,1,0,0,1,0,0,0,0,0,0,0,0,0
"Julie  Geiger",3.1,3,0,0,0,0,0,0,0,0,0,0,0,0,0,0,0,0,0,0,0,0
"Julie  Giles",3.7,2.90909090909091,0,0,0,0,0,0,0,0,0,0,0,0,0,0,0,0,0,0,0,0
"Julie  Towell",2.8,3.45,0,0,0,0,0,0,0,0,0,0,0,0,0,0,0,0,0,0,0,0
"Julie  Weishar",3.5,2.5,0,0,0,0,0,0,0,0,0,0,0,0,0,0,0,0,0,0,0,0
"Jushan  Bai",3,5,0,0,0,0,0,0,0,0,0,0,0,0,0,0,0,0,0,0,0,0
"K  Jones",3.6,2.91666666666667,0,0,0,0,0,0,0,0,0,0,0,0,0,0,0,0,0,0,0,0
"K  McFadden",5,2,0,0,0,0,0,0,0,0,0,0,0,0,0,0,0,0,0,0,0,0
"K  McLean",3,2.7,0,0,0,0,0,0,0,0,0,0,0,0,0,0,0,0,0,0,0,0
"Kaci  Ariza",4.4,3.11111111111111,0,0,0,0,0,0,0,0,0,0,0,0,0,0,0,0,0,0,0,0
"Kairul  Lukman",4.5,1.25,0,0,0,0,0,0,0,0,0,0,0,0,0,0,0,0,0,0,0,0
"Karen  Ball",4.8,3.75,0,0,0,0,0,0,0,0,0,0,0,0,0,0,0,0,0,0,0,0
"Karen  Camarata",3,2.875,0,0,0,0,0,0,0,0,0,0,0,0,0,0,0,0,0,0,0,0
"Karen  Cardozo-Kane",2.5,2.5,0,0,0,0,0,0,0,0,1,0,0,1,0,0,0,0,0,0,0,0
"Karen  Carr",3.3,3.15,0,0,0,1,0,1,0,0,1,0,1,1,0,0,0,1,0,0,0,0
"Karen  Debalbian",3.6,2.625,0,0,0,0,0,0,0,0,0,0,0,0,0,0,0,0,0,0,0,0
"Karen  Douglas",3,2.8,0,1,1,1,1,1,0,1,1,0,1,1,0,1,0,1,1,0,0,1
"Karen  Everage",4.1,3.3,0,0,0,0,0,0,0,0,0,0,0,0,0,0,0,0,0,0,0,0
"Karen  Kaplowitz",4.1,3,0,1,0,0,0,1,0,1,1,0,1,1,0,0,0,0,0,1,0,1
"Karen  Stanish",4.5,2.33333333333333,0,0,0,0,0,0,0,0,0,0,0,0,0,0,0,0,0,0,0,0
"Karen  Stewart",4.7,1,0,0,0,0,0,0,0,0,0,0,0,0,0,0,0,0,0,0,0,0
"Karlene  Ferrante",3.6,2.35,1,1,1,1,1,0,0,0,1,0,0,1,0,0,0,0,1,0,0,0
"Karthik  Silaipillayarputhur",4.8,1.15,1,0,0,0,0,0,0,1,0,0,0,0,0,0,0,0,0,0,0,0
"Kate  Greene",4,3.05,0,1,1,1,0,1,1,1,0,1,1,0,0,0,1,0,0,0,1,1
"Katherine  Jones",3.4,3.35,0,0,0,1,0,0,0,0,1,0,1,1,0,1,0,0,0,0,1,0
"Kathleeen  Devanney",3.7,4,0,0,0,0,0,1,0,0,1,0,1,0,0,0,0,0,0,0,0,0
"Kathleen  Cummins",4.1,1.8,0,0,0,0,0,0,0,0,0,0,0,0,0,0,0,0,0,0,0,0
"Kathleen  McFadden",3.8,3.4,1,1,1,1,1,1,0,1,1,1,0,1,0,1,0,0,0,0,0,0
"Kathleen  Ochshorn",4.1,2.7,1,1,0,1,0,0,0,0,0,0,1,0,0,0,0,0,0,0,0,1
"Kathleen  Sinning",4.7,3.8,0,1,1,1,0,1,0,1,1,0,0,0,0,0,0,0,0,0,0,0
"Kathryn  Denning",4.1,2.1,0,0,0,1,0,0,1,1,0,0,0,0,0,0,0,0,0,0,0,0
"Kathy  Brooks",5,3,0,0,0,0,0,0,0,0,0,0,0,0,0,0,0,0,0,0,0,0
"Kathy  Butler",5,3,0,0,0,0,0,0,0,0,0,0,0,0,0,0,0,0,0,0,0,0
"Kathy  Haddad",4.4,2.2,1,1,1,1,1,0,1,1,0,1,1,0,1,0,0,1,0,0,0,0
"Kathy  Johnson",4.5,2.85,1,0,1,0,0,1,0,1,0,0,0,1,1,0,0,0,0,1,0,0
"Kathy  Moore",4.4,3.3,1,1,1,1,1,1,1,0,0,0,0,1,0,0,1,0,0,1,0,1
"Kathy  Stoessl",3.4,2.9,1,1,0,0,0,0,0,1,0,0,0,0,0,0,0,0,0,0,0,0
"Kay  Bishop",1.9,4.3,0,0,0,0,0,0,0,0,0,0,0,0,0,0,0,0,0,0,0,0
"Kay  Leach",3.9,4.5,0,0,0,0,0,0,0,0,0,0,0,0,0,0,0,0,0,0,0,0
"Kaye  Williams",3.5,2.33333333333333,0,0,0,0,0,0,0,0,0,0,0,0,0,0,0,0,0,0,0,0
"Kayla  Haynie",4.7,2.2,0,0,0,0,0,0,1,0,0,0,0,0,0,1,0,0,0,0,0,1
"Kazim  Ruhi",3.7,3.25,0,0,1,0,1,1,0,0,1,0,1,1,1,1,0,0,0,0,0,0
"Kec  Keller",4.4,3.4,0,0,0,0,0,0,0,0,0,0,0,0,0,0,0,0,0,0,0,0
"Keith  Williams",4.1,2.71428571428571,0,0,0,0,0,1,0,0,1,0,0,0,0,0,0,1,0,0,0,0
"Kelli  Carmean",4,3.55,0,0,1,0,1,1,1,1,0,1,0,0,0,0,0,0,0,0,0,0
"Kelly  Kadera",2.5,4.05,0,1,0,1,1,1,1,0,1,0,1,1,1,1,1,0,0,1,0,0
"Kelly  Mailly",4.1,2.75,0,0,0,0,0,0,0,0,0,0,0,0,0,0,0,0,0,0,0,0
"Kelly  Pennington",4.4,2.1,0,0,0,0,0,0,0,0,0,0,0,0,0,0,0,0,0,0,0,0
"Kelvin  Jasek-Rysdahl",4.5,3.15,1,0,1,0,1,0,1,0,1,0,0,1,1,0,1,0,0,0,0,0
"Ken  Daniels",2.6,2.42857142857143,0,0,0,0,0,0,0,0,0,0,0,0,0,0,0,0,0,0,0,0
"Ken  Milner",2.9,2.5,1,1,1,1,0,0,1,1,0,0,0,0,0,0,0,0,0,0,0,0
"Ken  Moynihan",3.7,2.5,0,0,0,0,0,0,0,0,0,0,0,0,0,0,0,0,0,0,0,0
"Ken  Sumner",3.3,3.85,0,0,0,1,0,0,0,0,1,0,1,1,0,0,0,0,0,1,1,0
"Kenneth  Hicks",2.6,3.9,0,0,0,0,0,0,0,0,0,0,0,0,0,0,0,0,0,0,0,0
"Kenneth  Loparo",3.8,3.45,0,0,1,0,0,1,0,0,1,1,0,0,1,1,1,0,0,0,0,0
"Kenneth  Riegle",3.1,3.86666666666667,0,0,0,0,0,0,0,0,0,0,0,0,0,0,0,0,0,0,0,0
"Kenneth  Rockensies",4,2.5,0,0,0,0,0,0,0,0,0,0,0,0,0,0,0,0,0,0,0,0
"Kenny  Peters",3.3,2.9,1,0,0,0,1,1,1,0,1,0,0,1,0,1,0,1,0,0,0,0
"Kent  Yager",4.7,2.84210526315789,1,1,0,1,0,0,0,0,0,0,1,1,0,0,0,0,0,0,0,1
"Kerry  Marbury",4.3,1.9,0,0,0,0,0,0,0,0,0,0,0,0,0,0,0,0,0,0,0,0
"Kevin  Hanson",3.6,2.5,1,0,0,0,0,0,1,0,0,0,0,0,0,0,0,0,0,0,0,0
"Kevin  Hart",3.8,2.75,0,0,0,0,0,0,0,0,0,0,0,0,0,0,0,0,0,0,0,0
"Kevin  Kourey",3.3,2.375,0,0,0,0,0,0,0,0,0,0,0,0,0,0,0,0,0,0,0,0
"Kevin  Rahimzadeh",4.5,3.35,1,1,1,0,0,1,1,1,0,1,1,0,1,1,0,1,1,0,0,1
"Kim  Finn",4.5,2.5,0,0,0,1,0,0,0,0,0,0,0,0,0,0,1,0,0,0,0,0
"Kim  Fuji",4.5,2.55,1,1,0,1,1,1,0,1,0,1,0,0,0,0,1,0,0,0,0,0
"Kim  Specht",2.5,4.23076923076923,0,0,0,0,0,0,0,0,0,0,0,0,0,0,0,0,0,0,0,0
"Kimiko  Manes",4.4,2.4,0,0,0,0,0,0,0,0,0,0,0,0,0,0,0,0,0,0,0,0
"Klaas  Kraay",4.5,3.35,1,1,1,1,1,1,1,1,1,1,1,1,1,1,1,1,0,1,1,0
"Klara  Gubacs-Collins",4.2,1.95,0,0,0,1,0,0,0,0,0,0,0,0,0,1,0,1,0,0,0,0
"Knofel  Staton",4,2.36363636363636,0,0,0,0,0,0,0,0,0,0,0,0,0,0,0,0,0,0,0,0
"Kojo  Dei",2.9,1.8,0,0,0,0,0,0,0,0,0,0,0,0,0,0,0,0,0,0,0,0
"Konrad  Sadkowski",2.7,3.5,0,1,1,1,0,1,0,0,1,1,1,1,0,1,0,1,0,1,1,0
"Kristen  Asplin",4.5,2.3,1,0,1,0,0,1,1,0,1,0,0,0,1,0,0,1,0,1,0,0
"Kristine  Fitch",3,3.3,0,0,0,1,0,0,0,0,1,0,1,0,0,0,0,0,0,0,0,0
"Kurt  Panter",3.1,3.94444444444444,0,0,0,0,0,0,0,0,1,0,0,0,0,1,0,0,0,0,0,0
"L  Assante",4.1,2.35,1,0,1,0,1,0,1,0,0,0,1,1,0,0,0,0,1,0,0,1
"L  Schibig",2.6,3.2,0,0,0,0,0,0,0,0,0,0,0,0,0,0,0,0,0,0,0,0
"L  Stephens",2.7,3.94117647058824,0,0,0,0,0,0,0,0,1,0,0,0,0,0,0,0,0,0,0,0
"Lana  Carnes",3.5,3.35,1,0,0,1,1,1,1,0,1,0,0,1,0,0,0,0,0,1,0,0
"Larice  Brown",4.4,2.25,0,0,0,0,0,0,0,0,0,0,0,0,0,0,0,0,0,0,0,0
"Larry  Cox",2.7,3,0,0,0,0,0,0,0,0,0,0,0,0,0,0,0,0,0,0,0,0
"Larry  Goff",3,3.35714285714286,0,0,0,0,0,0,0,0,0,0,0,0,0,0,0,0,0,0,0,0
"Larry  Hardy",2.5,3.8,0,1,0,0,0,1,0,0,1,0,0,0,0,0,1,0,0,0,0,0
"Lashun  Griffin",3,4.15,1,1,1,1,0,1,0,1,1,1,1,1,1,0,0,1,1,0,1,1
"Laura  Colbert",3,3,1,0,0,0,1,0,0,1,0,0,1,1,0,0,0,0,0,0,0,0
"Laura  Gagne",3.3,3.83333333333333,0,0,0,0,0,0,0,0,0,0,0,0,0,0,0,0,0,0,0,0
"Laura  Newhart",3.5,3,1,1,0,1,1,1,1,0,1,0,1,1,0,1,0,0,1,1,0,0
"Laura  Orella",2.2,3.25,0,0,0,0,0,0,0,0,1,0,0,1,0,0,0,1,1,0,0,0
"Laura  Prividera",4.5,2.6,0,0,0,0,0,0,0,0,0,0,0,0,0,0,0,0,0,0,0,0
"Laura  Shrum",4,3.8,0,0,0,0,0,0,0,0,0,0,0,0,0,0,0,0,0,0,0,0
"Lauren  Baumbach",3.5,3.76923076923077,0,0,0,0,0,0,0,0,0,0,0,0,0,0,0,0,0,0,0,0
"Lauren  Bold",4.8,2.33333333333333,0,0,0,0,0,0,0,0,0,0,0,0,0,0,0,0,0,0,0,0
"Lauren  Kingsley",3.4,3.75,0,0,0,0,0,0,0,0,0,0,0,0,0,0,0,0,0,0,0,0
"Lauren  Perdue",2.9,2.8,0,1,0,0,1,0,0,0,1,1,1,0,0,0,0,1,0,0,0,0
"Laurie  Folgate",2,4.5,0,0,0,0,0,0,0,0,0,0,0,0,0,0,0,0,0,0,0,0
"Laurie  Iten",2,4.05,0,0,0,1,1,1,0,0,1,0,1,0,0,0,0,0,0,0,0,1
"Laurie  Ross",4.1,2.61111111111111,1,1,1,1,0,0,0,0,0,0,1,1,0,0,1,0,0,0,0,0
"Lawrence  Kahn",2.3,3.33333333333333,0,0,0,0,0,0,0,0,0,0,0,0,0,0,0,0,0,0,0,0
"Lawrence  Orihuela",4.8,2.25,0,0,0,1,0,0,0,0,1,0,0,0,0,0,0,0,0,0,1,0
"Leah  Hutchison",4.3,2.9,0,0,0,0,0,0,0,0,0,0,0,0,0,0,0,0,0,0,0,0
"Leah  Kaser",3.5,2.875,1,0,0,0,0,0,0,0,0,0,0,0,0,0,0,0,0,0,0,0
"Lee  Grenci",3.5,3.82352941176471,0,0,0,0,0,0,0,1,0,0,1,0,1,0,0,0,0,0,0,0
"Lena  Usyk",3.2,3.28571428571429,0,0,0,0,0,1,0,0,1,1,0,1,0,1,1,0,0,0,0,0
"Leon  Stokesbury",2.9,4.17647058823529,0,0,0,0,0,1,0,0,1,0,1,0,0,1,0,0,0,0,0,0
"Leonard  Salvo",5,1.4375,0,0,0,0,0,0,0,0,0,0,0,0,0,0,0,0,0,0,0,0
"Les  Boggess",4.4,1.6,0,0,0,0,0,0,0,0,0,0,0,0,0,0,0,0,0,0,0,0
"Leslie  Abramson",4.6,3.9,0,0,1,0,0,0,0,0,1,1,0,0,0,0,0,0,0,0,0,0
"Leslie  Chadrakantha",3.1,3.5,0,0,0,0,1,1,0,0,1,0,1,1,0,0,0,0,0,0,0,0
"Leslie  Looney",4.7,2.25,1,0,0,0,0,0,0,0,0,1,0,0,0,0,0,0,1,0,0,0
"Leslie  Smith",4.5,2.5,0,0,0,0,0,0,0,0,0,0,0,0,0,0,0,0,0,0,0,0
"Levario",3.9,2.71428571428571,0,0,0,0,0,0,0,0,0,0,0,0,0,0,0,0,0,0,0,0
"Ligon",3.7,4.4,0,0,0,0,0,0,0,0,0,0,0,0,0,0,0,0,0,0,0,0
"Lilli  Downes",3.7,3.85,0,0,0,0,0,0,0,0,0,0,0,0,0,0,0,0,0,0,0,0
"Linda  Bobo",4,2.66666666666667,0,0,0,0,0,0,0,0,0,0,0,0,0,0,0,0,0,0,0,0
"Linda  Burns",2.6,1.88888888888889,0,0,0,0,0,0,0,0,0,0,0,0,0,0,0,0,0,0,0,0
"Linda  Dessner",3,3.75,0,0,0,0,0,0,0,0,0,0,0,0,0,0,0,0,0,0,0,0
"Linda  Lubrano",2.3,4.375,0,0,0,0,0,0,0,0,0,0,0,0,0,0,0,0,0,0,0,0
"Linda  Polin",3.1,3.75,0,0,0,0,0,0,0,0,0,0,0,0,0,0,0,0,0,0,0,0
"Linda  Shelton",4.1,3.05,1,1,1,0,1,1,1,0,1,1,0,1,1,0,0,0,0,0,1,0
"Linda  Toth",4.1,2.9,0,0,0,0,0,0,0,0,1,0,0,0,0,0,0,0,0,0,0,0
"Lisa  Kennedy",4.8,2.125,0,0,0,0,1,0,1,1,0,0,0,0,0,1,0,0,0,0,0,0
"Lisa  Keys",3.9,3.26315789473684,0,0,0,0,0,0,0,0,0,0,0,0,0,0,0,0,0,0,0,0
"Lisa  Mach",4.8,1.72727272727273,1,1,1,0,0,0,0,0,0,0,0,0,0,1,0,0,0,0,0,0
"Lisa  Nicholson",3.7,3.83333333333333,0,0,0,0,0,0,0,0,0,0,0,0,0,0,0,0,0,0,0,0
"Lisa  Robson",3.1,4.2,1,1,1,0,0,1,0,0,1,0,1,0,0,0,0,0,0,0,0,0
"Lisa  Shearer",4.3,2.66666666666667,0,0,0,0,0,0,0,0,0,0,0,0,0,0,0,0,0,0,0,0
"Liwen  Shih",3.6,2.57142857142857,0,1,1,0,0,0,1,1,0,0,0,0,0,0,0,0,0,0,0,0
"Liz  Dameron",4.8,2,0,0,0,0,1,0,0,0,0,0,0,1,0,0,1,0,0,0,0,0
"Liz  Stanley",4.5,2.33333333333333,0,0,0,0,0,0,0,0,0,0,0,0,0,0,0,0,0,0,0,0
"Lorelle  Semley",2.7,3.63636363636364,0,0,0,0,0,0,0,0,1,0,1,0,0,1,0,0,1,0,0,0
"Lorra  Weatherspoon",4.5,2,0,0,0,0,0,0,0,0,0,0,0,0,0,0,0,0,0,0,0,0
"Lourdes  Espana",4.3,2.2,1,1,1,1,1,1,1,0,1,1,0,1,1,0,1,0,1,1,0,1
"Lourdess  Cortez",3.8,2.66666666666667,0,0,0,0,0,0,0,0,0,0,0,0,0,0,0,0,0,0,0,0
"Louvincy  Brown",3.8,2.8,0,0,0,0,0,0,0,0,0,0,0,0,0,0,0,0,0,0,0,0
"Lowell  Taylor",4.7,2.66666666666667,0,0,0,0,0,0,0,0,0,0,0,0,0,0,0,0,0,0,0,0
"Lowry  Marshal",2.9,3.66666666666667,0,0,0,0,0,0,0,0,0,0,0,0,0,0,0,0,0,0,0,0
"Luoheng  Han",2.3,3.53333333333333,0,0,0,0,0,0,0,0,1,0,0,0,0,1,0,0,0,0,0,0
"Lynn  Curtright",3.1,3.3,0,0,1,0,1,0,1,0,0,1,1,0,0,0,0,0,0,0,0,0
"Lynn  Loutzenhiser",3.2,3.61538461538462,0,0,0,0,0,0,0,0,0,0,0,0,0,0,0,0,0,0,0,0
"Lynn  Mattie",3,3.41176470588235,0,0,0,0,0,0,0,0,0,0,0,0,0,0,0,0,0,0,0,0
"Lynn  Zeigler",4.3,2,0,1,1,0,0,1,1,1,1,1,0,0,0,1,1,0,0,0,0,0
"Lynne  Schubert",1.4,3.25,0,0,0,0,0,0,0,0,0,0,0,0,0,0,0,0,0,0,0,0
"M  Blevins",4,5,0,0,0,0,0,0,0,0,0,0,0,0,0,0,0,0,0,0,0,0
"M  Morrison",4.8,2,0,0,0,0,0,0,0,0,0,0,0,0,0,0,0,0,0,0,0,0
"M  Nunaley",4.5,2,0,0,0,0,0,0,0,0,0,0,0,0,0,0,0,0,0,0,0,0
"Malcolm  Potter",4.7,1.8,1,1,1,1,1,1,1,1,0,1,1,0,0,1,0,1,0,0,0,0
"Manuel  Daniels",2.9,3.2,0,0,0,0,0,0,0,0,0,0,0,0,0,0,0,0,0,0,0,0
"Mara  Aruguete",4.4,3.77777777777778,0,0,0,0,0,0,0,0,0,0,0,0,0,0,0,0,0,0,0,0
"Mara  Merlino",1.5,3.5,0,0,0,0,0,0,0,0,0,0,0,0,0,0,0,0,0,0,0,0
"Marc  Bourdeau",3.3,3.16666666666667,0,0,0,0,0,0,0,0,0,0,0,0,0,0,0,0,0,0,0,0
"Marc  Stern",3.2,4.1,0,0,0,0,0,0,0,0,0,0,1,1,0,1,0,0,0,0,0,0
"Marcia  Rollison",5,3,0,0,0,0,0,0,0,0,0,0,0,0,0,0,0,0,0,0,0,0
"Mardi  Craig",4.3,3.28571428571429,0,0,0,0,0,0,0,0,0,0,0,0,0,0,0,0,0,0,0,0
"Margaret  Mitchell",4.9,4,1,1,1,0,0,0,1,1,1,0,1,0,0,0,0,0,0,0,0,0
"Margaret  Sweet",3.6,2.3,0,0,0,0,0,0,0,0,0,0,0,0,0,0,0,0,0,0,0,0
"Margarita  Elorriaga",4.1,2.375,0,0,0,0,0,0,0,0,0,0,0,0,0,0,0,0,0,0,0,0
"Margie  Brown",1.6,4,0,0,0,0,0,0,0,0,0,0,0,0,0,0,0,0,0,0,0,0
"Margo  Regan",3.4,2.28571428571429,0,0,0,0,0,0,0,0,0,0,0,0,0,0,0,0,0,0,0,0
"Margret  Eifler",5,1,0,0,0,0,0,0,0,0,0,0,0,0,0,0,0,0,0,0,0,0
"Marguerite  Jackson-Jones",3.5,3.25,0,0,1,0,0,1,0,0,1,1,0,1,0,0,0,0,0,0,1,1
"Maria  Fitzpatrick",4.4,2.85,1,1,1,1,1,1,1,1,1,1,1,0,1,1,1,1,1,0,1,0
"Maria  Fressola",3.2,4.1,1,0,1,1,0,1,1,0,1,0,1,0,1,0,0,0,0,0,0,0
"Maria Beth  Grabe",3.2,3.45,0,0,0,0,0,1,0,0,1,0,0,0,0,1,1,0,0,0,0,0
"Marilyn  Knight",4.5,2.1,1,1,1,1,0,0,0,0,0,1,0,0,0,0,0,0,0,0,0,0
"Marilyn  Rose",3.7,3.3125,0,0,0,0,0,0,0,0,0,0,0,0,0,0,0,0,0,0,0,0
"Marion  Goldman",3.2,2.6,0,0,0,0,0,0,0,0,0,0,0,0,0,0,0,0,0,0,0,0
"Marjory  Saunders",4.3,2.75,1,1,0,1,1,0,0,0,1,0,1,0,0,0,0,0,0,0,0,0
"Mark  Bryan",4.8,3.41666666666667,0,0,0,0,0,0,0,0,0,0,0,0,0,0,0,0,0,0,0,0
"Mark  Critoph",2.3,3,0,0,0,0,0,0,0,0,0,0,0,0,0,0,0,0,0,0,0,0
"Mark  Damen",4.6,2.55,1,1,1,1,1,1,1,1,1,1,0,0,1,1,0,0,1,0,1,0
"Mark  Kenney",3.8,2,0,0,0,0,0,0,0,0,0,0,0,0,0,0,0,0,0,0,0,0
"Mark  Liff",3.3,3.15,0,0,0,0,0,0,0,0,0,0,0,0,0,0,0,0,0,0,0,0
"Mark  McKibben",4.4,3.78571428571429,0,0,0,0,0,0,0,0,0,0,0,0,0,0,0,0,0,0,0,0
"Mark  Perlman",3.6,3.71428571428571,0,0,0,0,0,0,0,0,0,0,0,0,0,0,0,0,0,0,0,0
"Mark  Sirkin",2.4,2.55,0,0,0,0,0,0,0,0,0,0,0,0,0,0,0,0,0,0,0,0
"Mark  Unno",4.3,2.8,1,0,1,0,0,0,1,1,1,1,1,0,0,1,0,0,0,0,0,0
"Mark  Wessel",4.6,2.66666666666667,0,0,0,0,0,0,0,0,0,0,0,0,0,0,0,0,0,0,0,0
"Markus  Schneider",3.1,3.05555555555556,1,0,0,0,0,0,0,0,0,1,0,1,0,0,0,1,1,1,0,0
"Marlene  Tromp",4.4,3.64705882352941,0,0,0,0,0,0,0,0,0,0,0,0,0,0,0,0,0,0,0,0
"Marlos  Scrimger",4.3,3.25,0,0,0,0,0,0,0,0,0,0,0,0,0,0,0,0,0,0,0,0
"Martha  Browne",2.4,4.25,0,0,0,0,0,1,0,0,1,0,0,1,0,0,0,0,0,0,0,0
"Martha  Malaty",1.9,4.45,1,1,0,0,0,1,0,0,1,0,1,1,0,0,1,0,0,1,0,1
"Martha  McCluskey",1.6,4.26666666666667,0,0,0,0,0,0,0,0,0,0,0,0,0,0,0,0,0,0,0,0
"Martha  Zlokovich",2.4,3.85,0,0,0,0,0,0,0,0,0,0,0,0,0,0,0,0,0,0,0,0
"Martin  Bakker",2.3,4.05,1,1,1,1,1,1,1,0,1,1,1,1,1,1,0,1,0,1,0,1
"Martin  Frey",2.9,4.08333333333333,0,0,0,0,0,0,0,0,0,0,0,0,0,0,0,0,0,0,0,0
"Martin  Halpern",2.1,4.21428571428571,0,0,0,0,0,0,0,0,0,0,0,0,0,0,0,0,0,0,0,0
"Marvin  Payne",2,2.6,0,0,0,0,0,0,0,0,1,0,1,1,0,0,0,0,0,0,0,0
"Mary  Anderson",2.6,3.55555555555556,0,0,0,0,0,0,0,0,0,0,0,0,0,0,0,0,0,0,0,0
"Mary  Brown",4.2,3.15,1,1,1,1,1,1,1,1,0,1,0,1,0,1,1,0,0,0,0,0
"Mary  Curtner Smith",3.2,3.85,0,0,1,1,0,1,0,0,1,0,1,0,0,1,0,0,0,0,0,0
"Mary  Donaghy",4.2,2.5,0,1,0,0,1,0,0,0,1,0,1,0,0,1,1,0,0,1,0,0
"Mary  Galvin",1.9,4,0,0,0,0,0,0,0,0,0,0,0,0,0,0,0,0,0,0,0,0
"Mary  McHugh",4.7,2.47058823529412,1,1,0,0,0,0,0,0,0,1,0,0,0,1,0,0,0,0,0,0
"Mary  Meisenhelter",3.8,3.125,0,1,1,0,0,1,0,0,0,0,0,0,0,0,1,1,0,0,0,0
"Mary  Moss",3.7,3,0,0,0,0,0,0,0,0,0,0,0,0,0,0,0,0,0,0,0,0
"Mary  Phillips",4.1,3.4,1,1,1,1,1,1,1,1,1,0,1,1,1,1,1,0,1,0,1,0
"Mary  Richardson",3.9,2.23529411764706,0,0,0,0,0,0,0,0,0,0,0,0,0,0,0,0,0,0,0,0
"Mary  Shea",3.1,3.35,0,0,0,0,0,1,0,0,1,0,0,1,0,1,0,0,1,0,1,0
"Mary  Talbert",4.9,2,0,0,0,0,0,0,0,0,0,0,0,0,0,0,0,0,0,0,0,0
"Mary  Winn",3.1,4.1,0,0,0,0,0,0,0,0,1,0,1,0,0,0,0,1,0,0,0,0
"Mary Ann  Nichols",3.5,4.05,0,0,0,0,0,0,0,0,0,0,0,0,0,0,0,0,0,0,0,0
"Mary Lou  Frank",2.5,3.22222222222222,0,0,0,0,0,0,0,0,0,0,0,0,0,0,0,0,0,0,0,0
"Maryam  Vulis",2.7,2.5,0,0,0,0,0,0,0,0,0,0,0,0,0,0,0,0,0,0,0,0
"Maryann  Sydlik",4,3.44444444444444,0,0,0,0,0,0,0,0,0,0,0,0,0,0,0,0,0,0,0,0
"Marybeth  Redmond",3.8,3.75,0,0,0,0,0,0,0,0,0,0,0,0,0,0,0,0,0,0,0,0
"Mason  Dykstra",3,2.66666666666667,0,0,0,0,0,0,0,0,0,0,0,0,0,0,0,0,0,0,0,0
"Mathew  Horn",3,4.3,0,0,0,1,0,1,1,0,1,0,1,1,1,0,0,0,1,1,0,0
"Matthew  Burbank",3.6,2.875,0,1,0,0,1,1,0,0,0,0,1,0,0,1,0,1,0,0,0,0
"Matthew  Elam",1.2,5,0,0,0,0,0,0,0,0,0,0,0,0,0,0,0,0,0,0,0,0
"Matthew  Erdelyi",2.6,3.4,0,0,0,0,1,1,0,0,1,1,1,0,0,1,0,1,0,1,0,0
"Matthew  Johnson",4.4,2.38461538461538,0,0,0,0,0,0,0,0,0,0,0,0,0,0,0,0,0,0,0,0
"Matthew  Neal",3.7,3.85,0,1,0,0,0,1,0,0,1,0,0,1,0,0,1,0,0,0,0,0
"Matthew  Reimer",4.4,1.35,0,0,0,0,0,0,0,0,0,0,0,0,0,0,0,0,0,0,0,0
"Matthew  Unger",4.8,2.35,0,0,0,0,0,0,0,0,0,0,0,0,0,0,0,0,0,0,0,0
"Maureen  O\'Connor",4.3,2.25,0,0,0,0,0,0,0,0,0,0,0,0,0,0,0,0,0,0,0,0
"Max  Smith",3.8,4.1,1,1,0,1,1,1,0,0,1,1,0,1,0,1,0,0,0,0,1,1
"McClain",2.4,4.4,0,0,0,0,0,0,0,0,0,0,0,0,0,0,0,0,0,0,0,0
"McVey",3.5,3.7,0,0,0,0,0,0,0,0,0,0,0,0,0,0,0,0,0,0,0,0
"Meghan  Murphy-Lee",3.8,2.1,0,0,1,1,0,1,0,0,0,0,1,1,1,0,0,0,0,0,0,0
"Mei-ling  Wang",4.2,1,0,0,0,0,0,0,0,0,0,0,0,0,0,0,0,0,0,0,0,0
"Meijuan  Dong",4.5,1.33333333333333,0,0,0,0,0,0,0,0,0,0,0,0,0,0,0,0,0,0,0,0
"Melanie  Grosser",4.8,1.33333333333333,1,1,1,1,1,0,0,1,0,0,0,0,0,1,0,0,0,0,0,0
"Melanie  Toutant",3.1,3.08333333333333,0,0,0,0,0,0,0,0,0,0,0,0,0,0,0,0,0,0,0,0
"Melbourne  Hovell",2.7,4.28571428571429,0,0,0,0,0,0,0,0,0,0,0,0,0,0,0,0,0,0,0,0
"Melissa  Knous",4.8,3.22222222222222,0,0,0,0,0,0,0,0,0,0,0,0,0,0,0,0,0,0,0,0
"Melissa  Lenczewski",3.7,2.35,0,0,0,0,0,0,0,0,1,0,0,0,0,0,0,0,0,0,0,0
"Melody  Ward",4.9,1.5,0,0,0,0,0,0,0,0,0,0,0,0,0,0,0,0,0,0,0,0
"Melvin  Moncrieff",4.8,2,0,0,0,0,0,0,0,0,0,0,0,0,0,0,0,0,0,0,0,0
"Michael  Arminio",4.3,3.85,1,0,1,1,0,1,1,0,1,1,1,0,0,0,0,0,0,0,0,0
"Michael  Ballard",3.5,3.23076923076923,0,0,0,0,0,0,0,0,0,0,1,1,1,1,0,0,0,1,0,0
"Michael  Besney",4.6,2.3,1,1,1,0,0,1,1,1,1,1,0,1,0,1,0,0,0,0,0,0
"Michael  Blitz",4.3,3.7,1,0,1,1,0,1,1,1,1,1,1,1,0,0,0,0,0,0,1,1
"Michael  Chaney",4.3,2.0625,1,1,1,1,0,0,0,1,0,1,0,0,0,0,0,0,1,0,0,0
"Michael  Critelli",4.6,2.65,1,0,0,0,0,1,0,0,1,0,0,0,0,0,0,0,0,0,0,0
"Michael  Devine",4.4,2.75,0,0,0,0,0,0,0,0,0,0,0,0,0,0,0,0,0,0,0,0
"Michael  Downs",5,3.25,0,0,0,0,0,0,0,0,0,0,0,0,0,0,0,0,0,0,0,0
"Michael  Kumpf",3.9,3.1875,0,0,0,0,0,0,0,0,0,0,0,0,0,0,0,0,0,0,0,0
"Michael  Kwag",3.2,4.15,0,1,1,0,0,1,0,0,1,0,0,0,0,0,0,0,0,1,0,0
"Michael  MacKinnon",4,2.18181818181818,0,0,0,0,0,0,0,0,0,0,0,0,0,0,0,0,0,0,0,0
"Michael  Martone",4.9,1.6,0,1,0,0,0,0,1,1,0,0,0,0,0,0,0,0,0,0,0,0
"Michael  McGee",3.9,1.85,0,0,0,0,0,0,0,0,0,0,0,0,0,0,0,0,0,0,0,0
"Michael  Milburn",3.2,3.1,0,0,0,0,1,0,0,0,1,0,1,0,1,1,1,1,0,0,0,0
"Michael  Montagne",4.3,1.66666666666667,0,0,0,0,0,0,0,0,0,0,0,0,0,0,0,0,0,0,0,0
"Michael  Pratt",4,3.66666666666667,0,0,0,0,0,1,0,1,1,1,0,0,1,0,0,0,0,0,0,0
"Michael  Rooney",3.5,3.8,1,0,1,1,1,1,1,1,1,1,1,0,0,1,1,0,0,1,0,0
"Michael  Scanlin",4.3,1.73684210526316,0,1,1,0,0,0,0,0,0,0,0,0,0,1,0,0,0,0,0,1
"Michael  Scarlatos",2.3,4.85,0,0,0,0,0,0,0,0,0,0,0,0,0,0,0,0,0,0,0,0
"Michael  Suetta",4.9,1.1,1,0,1,0,0,0,1,0,0,0,0,0,0,0,0,0,0,0,0,0
"Michael D  Kawaja",3.8,3.11111111111111,0,0,0,0,0,0,0,0,0,0,0,0,0,0,0,0,0,0,0,0
"Michele  Serra",4.8,1.47368421052632,0,0,0,0,0,0,0,0,0,0,0,0,0,0,0,0,0,0,0,0
"Michelle  Burnham",3.5,3.625,0,0,0,0,0,0,0,0,1,0,0,0,0,0,0,0,0,0,0,0
"Michelle  Radcliffe",2.9,1.75,0,0,0,0,0,0,0,0,0,0,0,0,0,0,0,0,0,0,0,0
"Michelle  Townsel",4.6,1.66666666666667,0,0,0,0,0,0,0,0,0,0,0,0,0,0,0,0,0,0,0,0
"Middleton",3.7,2.63636363636364,0,0,0,0,0,0,0,0,0,0,0,0,0,0,0,0,0,0,0,0
"Mike  Dinneen",4.7,3.5,1,1,1,1,0,1,1,1,1,0,1,1,0,1,1,1,0,0,0,0
"Mike  Morucci",2.5,2.5,0,0,0,0,0,0,0,0,0,0,0,0,0,0,0,0,0,0,0,0
"Mike  Splane",4.8,1.25,1,1,1,1,1,1,0,0,0,1,1,1,1,0,0,1,0,0,0,0
"Milagros  Ranoa",4,2.61538461538462,0,0,0,0,0,0,0,0,0,0,0,0,0,0,0,0,0,0,0,0
"Mima  Petrovic",3.8,2.7,1,1,0,1,0,0,0,0,0,0,1,0,0,0,0,1,0,0,0,0
"Mimi  Fagan",4.3,3,0,0,0,0,0,0,0,0,0,0,0,0,0,0,0,0,0,0,0,0
"Minnhoi  Wroble- Biglan",3.3,4.09090909090909,0,0,0,0,0,0,0,0,0,0,0,0,0,0,0,0,0,0,0,0
"Mitchell  Snay",4.7,4,1,0,1,0,0,0,0,0,1,0,1,0,0,0,0,0,0,0,0,0
"Moataz  Emam",3.2,3.05882352941176,0,0,0,0,0,0,0,0,0,0,0,0,0,0,0,0,0,0,0,0
"Monica  Reimer",1.7,2.95,1,0,0,0,1,1,0,0,1,0,1,1,0,0,0,0,0,0,1,1
"Monica  Rodriguez",2.9,2.35,0,0,0,0,0,0,0,0,0,0,0,0,0,0,0,0,0,0,0,0
"Morna  Livingston",2.3,3.45,0,0,0,0,0,1,0,0,1,0,0,1,0,1,0,0,0,0,0,0
"Morris  Longstreth",5,1,0,0,0,0,0,0,0,0,0,0,0,0,0,0,0,0,0,0,0,0
"Mortez  Aabdollah",3.8,2.35,0,0,0,1,1,0,0,0,0,0,0,0,0,0,0,0,0,0,0,0
"Muhammad  Sharif",2.9,3.2,0,1,1,0,1,1,1,0,1,0,0,1,0,1,0,1,0,1,0,1
"Muldrow  Kyle",4.9,1,0,0,0,0,0,0,0,0,0,0,0,0,0,0,0,0,0,0,0,0
"Mulloy  Robertson",1.9,3.7,0,0,0,0,0,0,0,0,0,0,0,0,0,0,0,0,0,0,0,0
"Murphy",2.4,3.6,0,0,0,0,0,0,0,0,0,0,0,0,0,0,0,0,0,0,0,0
"Murray  Teitell",3.9,1.75,0,0,0,0,0,0,0,0,0,0,0,0,0,0,0,0,0,0,0,0
"Mustafa  Karakul",3.8,2.4,0,1,0,0,1,1,0,0,1,0,1,0,0,1,0,0,0,0,0,0
"Myrna  Simpson",3.8,2.25,0,0,0,0,0,0,0,0,0,0,0,0,0,0,0,0,0,0,0,0
"N  Morris",2.8,4.5,0,0,0,0,0,0,0,0,0,0,0,0,0,0,0,0,0,0,0,0
"Nam  Soon Song",4.5,2,0,0,0,0,0,0,0,0,0,0,0,0,0,0,0,0,0,0,0,0
"Nancy  Carnal",4.1,3.375,0,0,1,1,0,0,0,0,0,0,0,0,1,0,0,0,0,0,0,0
"Nancy  Edwards",3.5,3.46666666666667,0,0,0,0,0,0,0,0,0,0,0,0,0,0,0,0,0,0,0,0
"Nancy  Eng",2.7,4.65,0,0,0,0,0,0,0,0,0,0,0,0,0,0,0,0,0,0,0,0
"Nancy  Estrada",4.6,2.71428571428571,0,0,0,0,0,0,0,0,0,0,0,0,0,0,0,0,0,0,0,0
"Nancy  Jones",4.4,2.35,1,0,1,0,0,0,0,1,0,0,0,0,1,0,0,0,0,0,0,0
"Nathan  Greene",4.5,1.66666666666667,0,0,0,0,0,0,0,0,0,0,0,0,0,0,0,0,0,0,0,0
"Ned  Barden",4.5,1.9,1,1,1,1,1,0,1,1,0,1,0,0,1,1,1,0,0,0,0,0
"Neil  Heywood",3.7,2.2,1,0,0,1,1,0,1,0,1,0,0,0,0,0,1,0,0,0,0,0
"Nelson  Ng",2.8,3.5,0,0,0,0,0,0,0,0,0,0,0,0,0,0,0,0,0,0,0,0
"Nicolas  Robidoux",3.1,2.78571428571429,0,0,0,0,0,0,0,0,0,0,0,0,0,0,0,0,0,0,0,0
"Nike  Mizelle",3.5,1.8,0,1,0,0,0,0,0,0,0,1,0,0,0,0,0,0,0,0,0,0
"Nina-Nash  Robertson",4,1.45,0,1,1,1,0,1,0,1,0,1,0,0,0,0,0,0,0,0,0,0
"Nirmal  Gupta",3,2.4,0,0,0,0,0,0,0,0,0,0,0,0,0,0,0,0,0,0,0,0
"Nora Jean  Paradis",2.5,3.45454545454545,0,0,0,1,0,0,0,0,0,0,0,0,0,1,0,0,1,0,0,0
"Norbert  Bartel",3.6,2.9,1,0,1,0,0,1,1,1,1,0,1,0,0,0,1,0,0,0,0,1
"Norm  Johnson",3.8,3.23076923076923,0,0,0,0,0,0,0,0,0,0,0,0,0,0,0,0,0,0,0,0
"Norma  Chase",2.6,2.7,0,0,0,0,0,1,0,0,0,0,0,1,0,1,1,1,0,1,0,0
"Norma  Manatu",4,2.85,0,0,0,0,0,0,0,0,0,0,0,0,0,0,0,0,0,0,0,0
"Norma  Thompson",3.8,3,0,0,0,0,0,0,0,0,0,0,0,0,0,0,0,0,0,0,0,0
"Norman  Kinney",3,3.05,0,0,0,1,1,0,0,0,1,0,1,1,0,1,0,0,0,1,0,0
"Norman  Spivey",4.7,3.16666666666667,0,1,0,0,1,0,1,0,0,0,0,0,0,0,0,0,0,0,0,0
"Nukte  Edguer",2.3,4,1,0,1,1,0,1,0,0,1,0,1,0,0,1,0,0,0,1,0,0
"Nyenty  Arrey",2.8,4.45,1,1,0,1,0,1,0,1,1,1,0,0,1,0,0,0,0,0,0,0
"Odette  Bruneau",4.4,2.8,0,0,0,0,0,0,0,0,0,0,0,0,0,0,0,0,0,0,0,0
"Olga  Piedrahita",4.8,3.5,0,0,0,0,0,0,0,0,0,0,0,0,0,0,0,0,0,0,0,0
"Orlando  Pascoa",4.8,1.5,0,0,0,0,0,0,0,0,0,0,0,0,0,0,0,0,0,0,0,0
"Owen  Mertens",4.1,2.55,0,0,0,0,0,0,0,0,0,0,0,0,0,0,0,0,0,0,0,0
"P  Bode",4.7,2.66666666666667,0,0,0,0,0,0,0,0,0,0,0,0,0,0,0,0,0,0,0,0
"P  Hinkle",4.8,2.5,0,0,0,0,0,0,0,0,0,0,0,0,0,0,0,0,0,0,0,0
"P  Lawson",2.7,3.1,0,0,0,0,0,0,0,0,0,0,0,0,0,0,0,0,0,0,0,0
"P  Nicoletto",4.1,4.2,1,0,1,0,0,1,0,1,0,0,1,0,0,1,0,0,0,0,0,0
"Pam  Hood",3.7,1.7,1,1,1,0,1,0,1,0,0,1,1,0,0,1,0,1,0,0,0,0
"Pam  Pruett",4.7,3.33333333333333,1,0,0,0,0,0,0,0,1,0,1,0,0,1,0,0,0,0,1,0
"Pamela  Cumpton",4.8,2,0,0,0,0,0,0,0,0,0,0,0,0,0,0,0,0,0,0,0,0
"Pamela  Jackson",2.5,3.7,1,0,0,1,0,1,0,0,1,0,1,1,0,0,1,0,1,0,0,0
"Panos  Alexakos",4.1,3.2,0,0,0,0,0,0,0,0,0,0,0,0,0,0,0,0,0,0,0,0
"Pantaleon  Pangelinan Jr",4.5,2.25,0,0,0,0,0,0,0,0,0,0,0,0,0,0,0,0,0,0,0,0
"Parris  Powers",4.2,3.65,0,0,0,0,0,0,1,0,1,0,1,0,0,0,0,0,0,0,0,0
"Pat  Cyrgalis",1,4.91666666666667,0,0,0,0,0,0,0,0,0,0,0,0,0,0,0,0,0,0,0,0
"Pat  Ledbetter",3.5,3.85,1,1,1,1,0,1,0,1,1,0,1,1,0,0,1,0,0,0,1,0
"Pat  Sawyer",4.7,1.9,0,0,0,0,0,0,0,0,0,0,0,0,0,0,0,0,0,0,0,0
"Pat  Zrolka",4.8,2.25,1,1,1,0,1,1,1,0,1,1,0,0,1,0,1,0,0,0,0,0
"Patricia  Buckley",3.5,2.75,0,0,0,0,0,0,0,0,0,0,0,0,0,0,0,0,0,0,0,0
"Patricia  Cassin",2.8,3.85714285714286,0,0,0,0,0,0,0,0,0,0,0,0,0,0,0,0,0,0,0,0
"Patricia  Mancini",3.8,2.94736842105263,0,0,0,0,0,0,0,0,0,0,0,0,0,0,0,0,0,0,0,0
"Patricia  Renick",3,3,0,0,0,0,0,0,0,0,0,0,0,0,0,0,0,0,0,0,0,0
"Patricia  Wilkins-Vacca",4.8,3,0,0,0,0,0,0,0,0,0,0,0,0,0,0,0,0,0,0,0,0
"Patricia  Yancey",4.5,1.5,0,0,1,0,0,0,0,0,0,1,0,0,0,0,0,0,0,0,0,0
"Patrick  Baude",3.3,2.90909090909091,0,0,0,0,0,0,0,0,0,0,0,0,0,0,0,0,0,0,0,0
"Patrick  Hersey",4.1,2.71428571428571,0,1,1,0,0,0,0,1,0,0,0,0,0,0,0,0,0,0,0,0
"Patrick  McMullen",3.2,3.83333333333333,0,0,1,0,0,1,0,1,1,1,0,0,0,0,0,0,0,0,0,0
"Patrick Martin  Petkovich",4.4,2.25,0,1,1,0,0,0,1,1,0,1,0,0,1,0,0,0,0,0,0,0
"Paul  Bender",3.1,3.82352941176471,0,0,0,0,0,0,0,0,0,0,0,0,0,0,0,0,0,0,0,0
"Paul  Bush",3.8,2.95,0,0,0,0,0,0,0,0,0,0,1,1,0,0,0,0,0,0,0,1
"Paul  Clark",4.1,2.53846153846154,0,0,0,0,0,0,0,0,0,0,0,0,0,0,0,0,0,0,0,0
"Paul  Evoskevich",3.5,2.55555555555556,0,0,1,0,0,0,1,0,0,0,0,0,0,0,0,1,0,0,0,0
"Paul  Frishkoff",1.9,4.28571428571429,0,0,0,0,0,0,0,0,0,0,0,0,0,0,0,0,0,0,0,0
"Paul  Grobstein",3.5,1.86666666666667,0,0,0,0,0,0,0,0,0,0,0,0,0,0,0,0,0,0,0,0
"Paul  Haynie",4.3,1.85,0,0,1,0,1,0,1,1,0,0,0,0,0,1,1,0,0,0,0,0
"Paul  Kjellberg",4,3.23529411764706,0,0,0,0,0,0,0,0,0,0,0,0,0,0,0,0,0,0,0,0
"Paul  Nacozy",1.7,4.55,0,0,0,0,0,0,0,0,0,0,0,0,0,0,0,0,0,0,0,0
"Paul  Pecorino",3.5,3.65,1,1,1,1,1,1,0,1,1,1,1,1,1,1,1,1,0,1,0,0
"Paul  Ryan",3,4,0,0,0,0,0,0,0,0,0,0,0,0,0,0,0,0,0,0,0,0
"Paul  Sparks",3.3,3.75,0,0,0,0,0,0,0,0,0,0,0,0,0,0,0,0,0,0,0,0
"Paul  Stevens",3.8,3,0,0,0,0,0,0,0,0,0,0,0,0,0,0,0,0,0,0,0,0
"Paul  Velleman",2.5,3.3,1,1,1,0,0,1,1,1,1,0,1,1,1,1,0,0,0,1,1,0
"Paul  Weiss",3,3.3,0,0,0,0,0,0,0,0,0,0,0,0,0,0,0,0,0,0,0,0
"Paula  Moore",1.9,3.16666666666667,0,0,0,0,0,0,0,0,0,0,0,0,0,0,0,0,0,0,0,0
"Paulette  Swartzfager",4.7,1.6,0,0,0,0,0,0,0,0,0,0,0,0,0,0,0,0,0,0,0,0
"Paulette  Tandy",4,3.5,1,1,1,0,1,1,0,1,1,0,1,1,1,1,0,1,1,1,1,0
"Paulo  Horta",3,2.6,0,0,0,0,0,0,0,0,0,0,0,0,0,0,0,0,0,0,0,0
"Peggy  Maher",2.7,4.36363636363636,1,0,0,0,0,0,0,0,1,0,1,1,0,0,0,0,0,0,0,0
"Penny  Foster",3,2.57894736842105,0,0,0,0,0,1,0,0,1,0,0,1,0,0,0,1,1,0,0,0
"Peter  Bloom",3.5,4.35714285714286,0,0,0,0,0,0,0,0,0,0,0,0,0,0,0,0,0,0,0,0
"Peter  Conti",3.7,3.45,1,1,1,1,1,1,1,0,1,1,1,1,0,0,1,1,1,0,1,0
"Peter  Foreman",3,4.1,1,1,0,0,1,0,0,0,1,0,0,1,0,1,0,0,1,0,0,0
"Peter  Geib",4.5,2.3125,1,0,1,0,1,1,0,1,0,0,0,0,0,1,0,1,0,0,0,0
"Peter  Jurs",3.2,3.35,0,0,0,0,0,0,0,0,0,0,0,0,0,0,0,0,0,0,0,0
"Peter  Kuhlman",4.8,3.11764705882353,1,1,1,0,0,0,0,0,0,0,0,0,1,0,0,0,0,1,0,0
"Peter  Pezzolo",3.5,1.7,0,1,0,1,1,1,1,1,1,0,0,0,0,1,0,0,0,0,1,0
"Peter B.  Harris",4.2,2.68421052631579,0,0,0,0,0,0,0,0,0,0,0,0,0,0,0,0,0,0,0,0
"Phil  Matheson",3.6,3.4,0,0,0,1,0,0,0,0,1,0,0,0,0,0,0,0,0,0,0,0
"Phil  White",3.8,3.8,0,1,1,0,1,1,1,0,1,1,1,1,1,1,0,1,0,0,0,0
"Philip  Burge",3.8,2.3,0,0,0,0,0,0,0,0,0,0,0,0,0,0,1,0,0,0,1,0
"Philip  Harsha",2.4,3.75,0,0,0,0,0,1,0,0,0,0,0,0,0,0,0,0,0,0,0,0
"Philip  Rothschild",2.4,3.5,0,1,0,0,0,1,0,0,1,0,0,0,0,0,0,1,1,0,0,0
"Philippe  Bossaers",3.9,2.8,1,1,0,1,0,1,0,0,1,0,0,0,1,0,1,0,0,1,0,0
"Phillip  Anz-Meador",3.9,3.4,0,0,0,0,0,0,0,0,0,0,0,0,0,0,0,0,0,0,0,0
"Phyllis  Goodman",2.6,3.5,0,0,0,0,0,0,0,0,0,0,0,0,0,0,0,0,0,0,0,0
"Phyllis  Hirsch",2,4.1,0,0,0,0,0,0,0,0,0,0,0,0,0,0,0,0,0,0,0,0
"Polk",3.3,2.66666666666667,0,0,0,0,0,0,0,0,0,0,0,0,0,0,0,0,0,0,0,0
"Prakash  Panangaden",3.8,3.1,1,1,1,1,1,1,1,1,1,1,0,1,1,0,0,0,0,0,0,0
"Preston  Allen",3.9,2.75,1,1,1,1,1,1,1,1,1,1,1,1,0,0,1,0,1,0,1,1
"Priscilla  Underwood",2.3,3.45,0,0,0,0,0,1,0,0,1,0,1,1,0,1,0,0,0,0,0,0
"Qiang  Cui",2.7,3.55,0,0,0,0,0,0,0,0,0,0,0,0,0,0,0,0,0,0,0,0
"R  Dauer",4.5,1.8,0,0,0,0,0,0,0,0,0,0,0,0,0,0,0,0,0,0,0,0
"R  Hackney",3.7,4.10526315789474,0,0,0,0,0,0,0,0,0,0,0,0,0,0,0,0,0,0,0,0
"R  McCoy",3.5,4.5,0,0,0,0,0,0,0,0,0,0,0,0,0,0,0,0,0,0,0,0
"R  Skoglund",4.2,1,0,0,0,0,0,0,0,0,0,0,0,0,0,0,0,0,0,0,0,0
"R.  Donahoe",2.7,3.73684210526316,1,0,0,0,0,0,1,0,0,0,0,0,0,0,1,0,1,0,1,1
"R.  Talavera",2.1,4.25,0,0,0,0,0,0,0,0,0,0,0,0,0,0,0,0,0,0,0,0
"R. Gholam  Ghorashi",3.5,3.45,1,0,1,1,0,1,1,0,1,1,0,1,0,1,0,1,0,0,0,0
"Rachel  Edelson",4.2,2.75,1,1,1,1,0,0,0,0,0,0,0,1,0,0,0,0,0,0,0,0
"Rachel  Hall",2.5,3.55,0,0,0,0,0,0,0,0,1,0,0,1,0,1,0,1,0,1,0,0
"Rachelle  Sussman",4.1,2.875,0,0,0,0,0,0,0,0,0,0,0,0,0,0,0,0,0,0,0,0
"Radha  Narumanchi",1.6,4.55,0,0,0,0,0,0,0,0,0,0,0,0,0,0,0,0,0,0,0,0
"Radhika  Parameswaran",3.5,4,1,0,0,1,0,1,1,0,0,1,1,0,0,0,0,0,0,0,0,0
"Raines  Carter",4.8,1.2,0,0,0,0,0,0,0,0,0,0,0,0,0,0,0,0,0,0,0,0
"Raisul  Mahmood",3.4,2.08333333333333,0,0,0,0,0,0,0,0,0,0,0,0,0,0,0,0,0,0,0,0
"Rajendra  Raj",2.4,3.35294117647059,1,0,1,1,0,1,0,1,1,0,0,0,0,0,0,0,0,0,0,1
"Ralph  Korner",4.8,3.5,0,0,0,0,0,0,0,0,0,0,0,0,0,0,0,0,0,0,0,0
"Ramin  Zabih",3.5,3.05882352941176,0,0,1,0,0,0,1,0,0,1,0,0,0,0,0,0,0,0,0,0
"Raminder  Luther",3.8,3.55,1,1,1,1,1,1,1,1,1,0,0,1,1,1,0,0,0,1,0,1
"Ramona  Girdauskas",3.9,2.45,1,1,1,1,1,1,1,0,1,0,0,1,0,1,0,0,1,1,0,1
"Randall  Warwick",4,1.4,1,1,1,1,1,0,0,1,0,1,1,0,1,1,1,1,0,0,0,0
"Randy  Cromwell",4.9,1.5,0,0,0,0,0,0,0,0,0,0,0,0,0,0,0,0,0,0,0,0
"Raquel  Gaytan",4.6,1.75,0,0,0,0,0,0,0,0,0,0,0,0,0,0,0,0,0,0,0,0
"Ray  Bowling",4.7,1.58333333333333,0,0,0,0,0,0,0,0,0,0,0,0,0,0,0,0,0,0,0,0
"Raymond  Ercoli",4.3,2,0,0,0,0,0,0,0,0,0,0,0,0,0,0,0,0,0,0,0,0
"Raymond  Wise",5,1.5,0,0,0,0,0,0,0,0,0,0,0,0,0,0,0,0,0,0,0,0
"Raymond  Wolf",4,1.5,0,0,0,0,0,0,1,1,0,1,0,0,0,0,0,0,0,0,0,0
"Rebecca  Comay",3.3,3.95,0,0,0,0,0,1,1,1,0,0,1,0,0,0,0,0,0,0,0,0
"Rebecca  Laidlaw",3.3,3,0,0,0,0,0,0,0,0,0,0,0,0,0,0,0,0,0,0,0,0
"Reg  Lilly",3,3.63157894736842,0,1,1,1,0,0,1,0,0,0,1,0,1,0,0,0,0,0,0,0
"Rex  Abert",3.7,3.55,0,1,1,1,1,1,0,0,1,1,1,1,1,1,0,1,0,1,0,1
"Rhoda  Jost",2.9,3.4,0,0,0,0,0,0,0,0,0,0,0,0,0,0,0,0,0,0,0,0
"Rich  Carter",2.9,4.05,0,0,0,0,0,0,0,0,0,0,0,0,0,0,0,0,0,0,0,0
"Richard  Bodek",4,3.15,1,1,1,0,0,0,1,1,0,1,1,0,0,1,0,1,0,1,1,0
"Richard  Burns",5,1.3,1,1,1,0,1,0,1,1,1,0,0,0,1,0,0,0,0,0,0,0
"Richard  Curtis",5,1.65,1,1,1,0,1,0,0,1,0,1,0,0,1,1,0,0,1,0,0,0
"Richard  Davis",3.9,4,0,0,0,0,0,0,0,0,0,0,0,0,0,0,0,0,0,0,0,0
"Richard  Doctor",4.2,3.2,0,0,0,0,0,0,0,0,0,0,0,0,0,0,0,0,0,0,0,0
"Richard  Fallon",4.4,3,1,0,1,0,0,0,0,0,0,0,1,0,0,0,0,0,0,0,0,0
"Richard  Fern",3.2,4.33333333333333,0,0,0,0,0,0,0,0,0,0,0,0,0,0,0,0,0,0,0,0
"Richard  Gendron",4.5,3,0,0,1,1,0,0,1,1,1,1,1,0,0,1,0,0,0,0,0,0
"Richard  Millikin",4.3,2.875,0,0,0,0,0,0,0,0,0,0,0,0,0,0,0,0,0,0,0,0
"Richard  O\'Brien",4.5,1.75,0,1,1,0,0,0,0,0,0,0,0,0,0,0,0,0,0,0,0,0
"Richard  Sambrook",3.9,2.625,0,0,0,0,0,0,0,0,0,0,0,0,0,0,0,0,0,0,0,0
"Richard  Shanks",3.2,3.5,0,0,0,0,0,0,0,0,1,0,0,0,0,0,0,0,0,0,0,0
"Richard  Shockey",4.8,2,0,0,0,0,0,0,0,0,0,0,0,0,0,0,0,0,0,0,0,0
"Richard  Travisano",2.8,2.5,0,0,1,1,0,0,1,0,0,0,0,0,0,1,0,0,0,0,0,1
"Richard  Wilkins",2.5,3.57142857142857,0,0,0,0,0,0,0,0,0,0,0,0,0,0,0,0,0,0,0,0
"Richard  Zinbarg",5,2.66666666666667,0,0,0,0,0,0,0,0,0,0,0,0,0,0,0,0,0,0,0,0
"Richard T.  Rodriguez",5,2.5,0,0,0,0,0,0,0,0,0,0,0,0,0,0,0,0,0,0,0,0
"Richie  Scherb",3.2,4.3,0,0,0,0,0,0,0,0,0,0,0,0,0,0,0,0,0,0,0,0
"Rick  Bradbury",4.6,2.5,0,0,0,0,0,0,0,0,0,0,0,0,0,0,0,0,0,0,0,0
"Rick  Dukes",4.3,3,0,1,0,0,0,1,0,0,0,0,0,0,0,0,0,0,0,0,0,0
"Rick  Olguin",4.1,2.05,1,1,1,0,0,0,1,1,0,1,1,0,0,1,1,0,0,0,0,0
"Rick  Repetti",4.7,2,0,0,0,0,0,0,0,0,0,0,0,0,0,0,0,0,0,0,0,0
"Ricki  Heller",2.8,3.38888888888889,0,0,0,0,0,0,0,0,0,0,0,0,0,0,0,0,0,0,0,0
"Rina  Yarmish",3.5,2.45,1,1,1,0,1,0,0,0,1,0,0,1,0,0,0,0,0,0,0,0
"Rita  Sowell",3.4,3.55,1,1,0,0,0,1,0,0,0,0,0,1,1,1,0,1,0,1,0,0
"Rob  Wells",5,2.85,0,1,1,0,0,0,0,1,0,1,0,0,0,0,0,1,0,0,0,0
"Robert  Bender",4.8,1.7,1,0,1,0,0,0,1,0,0,1,0,0,0,0,1,0,0,0,0,0
"Robert  Brannon",4.1,2.45,0,0,0,0,0,0,0,0,0,0,0,0,0,0,0,0,0,0,0,0
"Robert  Burton",3.6,3,0,0,0,1,0,1,0,0,1,1,1,0,0,0,0,0,1,0,1,0
"Robert  Christie",3,4.45,0,0,0,0,0,0,0,0,0,0,0,0,0,0,0,0,0,0,0,0
"Robert  Coleman-Senghor",2.9,4.8,0,0,0,0,0,0,0,0,0,0,0,0,0,0,0,0,0,0,0,0
"Robert  Crozier",4.3,2.33333333333333,0,0,0,0,0,0,0,0,0,0,0,0,0,0,0,0,0,0,0,0
"Robert  Dinero",1.6,4.71428571428571,0,0,0,0,0,0,0,0,1,1,1,0,0,0,0,0,0,0,0,0
"Robert  Ebert",4.1,2.8125,0,0,0,0,0,0,0,0,0,0,0,0,0,0,0,0,0,0,0,0
"Robert  Edwards",2.1,4.4,0,0,0,0,0,0,0,0,0,0,0,0,0,0,0,0,0,0,0,0
"Robert  Eierman",3,3.55,0,0,0,0,0,0,0,0,0,0,0,0,0,0,0,0,0,0,0,0
"Robert  Gay",3.9,2.68421052631579,0,1,0,0,0,0,1,0,0,1,0,0,0,0,0,0,0,0,0,0
"Robert  Karpinski",4.8,1.9,1,1,1,0,1,1,1,1,0,1,1,0,0,0,0,0,0,0,1,0
"Robert  Lecker",2.7,3.3,0,0,0,1,0,1,1,0,1,0,1,0,0,0,0,0,0,0,1,0
"Robert  Panzarella",2.5,4.25,0,0,1,1,0,0,0,0,0,1,1,1,0,1,0,0,0,0,0,0
"Robert  Rafalko",3.5,1.78571428571429,0,0,0,0,0,0,0,0,0,0,0,0,0,0,0,0,0,0,0,0
"Robert  Rundquist",3.5,1,0,0,0,0,0,0,0,0,0,0,0,0,0,0,0,0,0,0,0,0
"Robert  Stecker",3.5,2.6,0,0,1,1,1,0,0,0,1,1,1,1,1,1,0,0,0,0,0,0
"Robert  Vandergrift",2.8,4.3,0,0,0,0,0,0,0,0,0,0,0,0,0,0,0,0,0,0,0,0
"Robert  Warden",3.4,2.75,0,0,0,0,0,0,0,0,0,0,0,0,0,0,0,0,0,0,0,0
"Robert  Ware",1.5,3.36842105263158,0,0,0,0,0,0,0,0,0,0,0,0,0,0,0,0,0,0,0,0
"Robert  Werner",5,2,0,0,0,0,0,0,0,0,0,0,0,0,0,0,0,0,0,0,0,0
"Roberta  Nye",2.5,1.33333333333333,0,0,0,0,0,0,0,0,0,0,0,0,0,0,0,0,0,0,0,0
"Roberta  Reynolds",2.8,2.3,1,0,1,1,1,0,0,1,1,1,1,0,0,1,0,1,1,0,0,0
"Roberto  Calderon",2.6,2.8,1,1,0,0,1,0,0,0,1,0,1,0,1,1,0,1,0,1,0,0
"Robin  Hochstrasser",2.8,4.33333333333333,0,0,0,0,0,0,0,0,0,0,0,0,0,0,0,0,0,0,0,0
"Roderick  McGinn",2.9,3.95,0,0,0,0,0,0,0,0,0,0,0,0,0,0,0,0,0,0,0,0
"Roger  Colcord",2.2,3.52941176470588,0,0,0,0,0,0,0,0,1,0,1,0,0,1,0,0,0,0,0,0
"Roger  Edwards",2.8,3.4,0,0,0,0,0,0,0,0,0,0,0,0,0,0,0,0,0,0,0,0
"Roger  Holguin",3.9,1.82352941176471,0,0,0,0,0,0,0,0,0,0,0,0,0,0,0,0,0,0,0,0
"Roger  Magyar",1.2,4.16666666666667,0,0,0,0,0,0,0,0,0,0,0,0,0,0,0,0,0,0,0,0
"Roger  Strong",3.5,4.15,1,1,1,1,0,1,0,1,1,1,1,1,1,1,0,0,0,1,0,0
"Rogers",2.7,2.95,0,0,0,0,0,0,0,0,0,0,0,0,0,0,0,0,0,0,0,0
"Ron  Cameron",3.9,4,1,0,1,1,0,0,1,1,1,1,1,0,0,0,0,0,0,0,0,0
"Ron  Weed",4.7,3.33333333333333,0,0,0,0,0,0,0,0,0,0,0,0,0,0,0,0,0,0,0,0
"Ron  Wernli",4.3,3.35,0,0,0,0,0,0,0,0,0,0,0,0,0,0,0,0,0,0,0,0
"Ronald  Coleman",4.2,2.27272727272727,0,0,0,0,0,0,0,0,0,0,0,0,0,0,0,0,0,0,0,0
"Ronald  Goldsmith",2.9,3.05,0,1,0,0,1,0,0,0,0,0,0,0,0,0,0,1,0,0,0,0
"Ronald  Martin",2.7,4.5,0,0,0,0,0,0,0,0,0,0,0,0,0,0,0,0,0,0,0,0
"Ronald  Robel",3.6,3.28571428571429,0,0,0,0,0,0,0,0,0,0,0,0,0,0,0,0,0,0,0,0
"Ronald  Weber",2.8,4.25,1,0,0,0,0,0,0,1,1,0,1,1,0,1,0,0,1,0,0,0
"Rosanne  Lorden",3.8,3.95,1,1,1,0,0,1,0,0,1,0,0,1,0,0,0,0,0,0,0,0
"Rose  Vydelingum",2.8,3.55555555555556,0,0,0,0,0,0,0,0,0,0,0,0,0,0,0,0,0,0,0,0
"Roseanne  Mirabella",3.6,2.73333333333333,0,0,0,0,0,0,0,0,0,0,0,0,0,0,0,0,0,0,0,0
"Roy  Nutter",3.2,2.4,1,0,0,0,0,1,0,0,1,0,0,0,1,0,0,0,0,0,0,1
"Ruben  Mouhiddan",2.6,3.25,0,0,0,0,0,0,0,0,0,0,0,0,0,0,0,0,0,0,0,0
"Rudi  Hartmann",2.8,2.26666666666667,0,0,0,1,0,0,0,0,0,0,1,0,0,1,0,0,0,0,0,0
"Rudy  Pyle",2.6,2.46153846153846,0,0,0,0,0,0,0,0,0,0,1,0,0,0,0,0,0,0,0,0
"Ruthie  Dare-Halma",2.5,3.85,1,1,1,1,0,1,1,1,1,0,1,1,0,1,1,0,0,1,0,0
"Ryan  Meany",3.5,4.1,0,0,0,1,0,1,0,0,1,0,1,0,0,0,0,0,0,0,1,1
"Ryan  Stark",4.8,2,0,0,0,0,0,0,0,0,0,0,0,0,0,0,0,0,0,0,0,0
"Ryan  William",3.1,3.4,1,1,1,0,0,1,1,1,0,0,0,0,0,1,0,0,0,0,0,1
"Ryan G  Vancleave",5,2,0,0,0,0,0,0,0,0,0,0,0,0,0,0,0,0,0,0,0,0
"S  Fenton",3.7,3.2,1,1,0,0,1,1,0,0,0,0,0,1,0,1,1,0,0,0,0,0
"S  Hargrove",4.8,1.5,0,0,0,0,0,0,0,0,0,0,0,0,0,0,0,0,0,0,0,0
"S  Seats Jr",4.2,2.4,0,0,0,0,0,0,0,0,0,0,0,0,0,0,0,0,0,0,0,0
"S  Sparkman",4.3,1.6,0,0,0,0,0,0,0,0,0,0,0,0,0,0,0,0,0,0,0,0
"S.  Geller",3.9,2.28571428571429,0,0,0,0,0,0,0,0,0,0,0,0,0,0,0,0,0,0,0,0
"S.  Liang",4.1,2.28571428571429,0,0,0,0,0,0,0,0,0,0,0,0,0,0,0,0,0,0,0,0
"Sabrina  Berent",4.4,2.6,0,0,0,0,0,0,0,0,0,0,0,0,0,0,0,0,0,0,0,0
"Sally  Mallory",3.3,4.66666666666667,0,0,0,0,0,0,0,0,0,0,0,0,0,0,0,0,0,0,0,0
"Sally  Paulson",3.3,2.5,0,1,0,0,0,0,0,0,0,0,0,0,0,0,0,0,0,0,0,0
"Sally Jayne  Gilpin",1.3,2.5,0,0,0,0,0,0,0,0,0,0,0,0,0,0,0,0,0,0,0,0
"Sam  Kohn",4.3,2.5,0,0,0,0,0,0,0,0,0,0,0,0,0,0,0,0,0,0,0,0
"Sam  Marcosson",3.5,3.8,1,0,0,1,0,0,0,0,1,0,0,0,0,0,0,0,0,1,0,0
"Sam  Roweis",4.5,3,0,0,0,0,0,0,0,0,0,0,0,0,0,0,0,0,0,0,0,0
"Sandra  Brown",4.3,1.8,1,1,0,1,1,1,1,1,0,1,0,0,0,0,0,0,1,0,0,0
"Sandra  Clark",1.9,3.7,0,0,0,0,0,0,0,0,0,0,0,0,0,0,0,0,0,0,0,0
"Sandra  Hampel",4.4,2.21428571428571,0,1,1,0,0,0,0,1,0,1,0,0,0,0,0,0,0,0,0,0
"Sara  Seol",5,5,0,0,0,0,0,0,0,0,0,0,0,0,0,0,0,0,0,0,0,0
"Sarah  Michaels",3.2,2.8125,0,0,0,0,0,0,0,0,0,0,0,0,0,0,0,0,0,0,0,0
"Sariwan  Tjandra",4.5,2.75,1,1,1,0,1,1,1,1,1,1,1,1,0,0,1,0,0,0,0,0
"Satterwhite",4.2,1.45,0,0,0,0,0,0,0,0,0,0,0,0,0,0,0,0,0,0,0,0
"Savage-Dun",2.6,3.65,1,1,0,0,0,0,0,1,0,0,0,0,1,0,0,0,0,0,0,0
"Scott  Bergeson",4,2.95,1,1,1,1,1,1,1,1,1,1,1,1,1,0,0,0,0,1,0,0
"Scott  Borders",4.6,3.2,0,0,0,0,0,0,0,0,0,0,0,0,0,0,0,0,0,0,0,0
"Scott  Brown",3.3,2.7,0,0,0,0,0,0,0,0,0,0,0,0,0,0,0,0,0,0,0,0
"Scott  Churchill",4.2,2.84615384615385,1,0,0,0,0,0,1,0,0,0,0,0,1,0,0,0,0,0,0,0
"Scott  Hancock",3.9,4,0,0,0,0,0,0,0,0,0,0,0,0,0,0,0,0,0,0,0,0
"Scott  Labarge",4.6,2.7,0,1,1,0,0,1,0,1,0,1,1,0,0,0,0,0,0,0,0,0
"Scott  Peters",3.8,3.9,1,1,1,1,1,1,1,0,1,0,1,0,0,1,0,1,1,1,1,0
"Scott  Rose",3.7,3.88235294117647,1,0,1,0,1,1,1,1,1,0,1,0,0,1,0,0,0,0,0,0
"Sebastian  Bartos",4.1,2.65,0,0,0,0,0,0,0,0,0,0,0,0,0,0,0,0,0,0,0,0
"Seongeun  Kim",4.7,2,0,0,0,0,0,0,0,0,0,0,0,0,0,0,0,0,0,0,0,0
"Seth  Ovadia",4,2.6,0,0,0,0,0,0,0,0,0,0,0,0,0,0,0,0,0,0,0,0
"Shahinda  Hafeez",3.5,2.85,1,1,1,1,1,1,1,1,1,1,0,1,1,1,1,0,0,1,0,1
"Shane  Bell",3.7,3,1,1,1,0,1,1,1,0,1,1,0,1,0,0,0,0,0,0,0,0
"Shannon  Gadbois",4.5,2.7,1,1,1,0,1,1,1,0,1,1,0,0,0,0,1,0,0,0,0,0
"Sharon  Hardesty",4.2,1.65,0,0,0,0,0,0,0,0,0,0,0,0,0,0,0,0,0,0,0,0
"Sharon  Teague",2.3,NA,0,0,0,0,0,0,0,0,0,0,0,0,0,0,0,0,0,0,0,0
"Shawn  Winship",3.4,1.66666666666667,0,0,0,0,0,0,0,0,0,0,0,0,0,0,0,0,0,0,0,0
"Shel  Schwartz",4.2,1.91666666666667,0,0,0,0,0,0,0,0,0,0,0,0,0,0,0,0,0,0,0,0
"Shele  Bannon",5,2,0,0,0,0,0,0,0,0,0,0,0,0,0,0,0,0,0,0,0,0
"Shelia  Most",3.5,2.55,0,0,0,0,0,0,0,0,0,0,0,0,0,0,0,0,0,0,0,0
"Shelly  Hancock",4.5,2.35,1,0,0,1,0,0,0,0,1,1,0,1,0,0,0,0,0,0,0,0
"Sheng  Zhang",3,2.75,1,1,1,0,1,1,0,1,1,0,0,1,0,0,0,0,0,0,0,1
"Sherry  Rising",4.8,1.5,0,0,1,1,0,0,1,1,0,1,0,0,0,0,0,0,0,0,0,0
"Sherry  Rodgers",4.6,2.66666666666667,0,0,0,0,0,0,0,0,0,0,0,0,0,0,0,0,0,0,0,0
"Sheryl  Gifford",3.8,3.45,1,1,1,1,1,1,0,1,1,0,0,1,0,0,0,0,1,0,1,0
"Shounak  Das",5,1.85714285714286,0,0,0,0,0,0,0,0,0,0,0,0,0,0,0,0,0,0,0,0
"Sidney  Burks",4.6,1,1,1,0,0,1,0,0,0,0,0,0,0,0,0,0,0,0,0,0,0
"Sidney E.  Hardyway",3.9,3.6,0,0,0,1,1,0,0,0,1,1,1,1,0,0,1,1,0,0,1,0
"Simon  Koumjian",2.7,3.66666666666667,0,0,0,0,0,0,0,0,0,0,0,0,0,0,0,0,0,0,0,0
"Skip  Pomeroy",3.7,3.38461538461538,0,0,0,0,0,0,0,0,0,0,0,0,0,0,0,0,0,0,0,0
"Skip  Sedivec",2.6,3.7,0,0,0,0,0,0,0,0,0,0,0,0,0,0,0,0,0,0,0,0
"Solomon  Eisenberg",1.8,3.66666666666667,0,0,0,0,0,0,0,0,0,0,0,0,0,0,0,0,0,0,0,0
"Sonia  Werner",4,1.88888888888889,1,0,1,0,0,0,0,1,0,0,0,0,0,0,0,0,0,0,0,0
"Soong  Sohng",2.4,3.5,0,0,0,0,0,0,0,0,0,0,0,0,0,0,0,0,0,0,0,0
"Sophie  Weeks",4.5,2.42857142857143,0,0,0,0,0,0,0,0,0,0,0,0,0,0,0,0,0,0,0,0
"Sparkle  Raymond",5,1,0,0,0,0,0,0,0,0,0,0,0,0,0,0,0,0,0,0,0,0
"Stafford  Rorke",4.4,3.36842105263158,0,0,0,0,0,0,0,0,1,0,0,0,0,0,0,0,0,0,1,0
"Stan  Sulkes",4.2,1.875,0,0,0,0,0,0,0,0,0,0,0,0,0,0,0,0,0,0,0,0
"Stefany  Dreher",3.8,2,0,0,0,0,0,0,0,0,0,0,0,0,0,0,0,0,0,0,0,0
"Stephane  McLachlan",4.2,2.44444444444444,0,0,0,0,0,0,0,0,0,0,0,0,0,0,0,0,0,0,0,0
"Stephanie  Cawthorne",4.7,2.66666666666667,0,0,0,0,0,0,0,0,0,0,0,0,0,0,0,0,0,0,0,0
"Stephen  Brown",4.1,2.77777777777778,0,0,0,0,0,0,0,0,0,0,0,0,0,0,0,0,0,0,0,0
"Stephen  Hupp",4.7,2.35,1,1,1,0,1,0,1,1,0,1,1,0,0,1,1,1,0,0,0,0
"Stephen  Timmons",3.1,3.55,1,0,0,1,1,1,1,0,1,0,1,1,0,0,0,1,0,0,1,0
"Steve  Grout",4.6,2.9,0,0,0,0,0,0,0,0,0,0,0,0,0,0,0,0,0,0,0,0
"Steve  Gruenert",4.1,3.1,0,0,0,0,0,0,0,0,0,0,0,0,0,0,0,0,0,0,0,0
"Steve  Kemenyffy",3,2.5,0,0,0,0,0,0,0,0,0,0,0,0,0,0,0,0,0,0,0,0
"Steve  Renton",3.2,3.22222222222222,1,0,1,1,0,0,0,0,0,0,0,0,0,0,0,0,0,0,0,0
"Steve  Wilson",3.7,1.4,0,1,0,1,1,0,0,0,0,1,0,1,0,1,0,0,0,0,1,0
"Steven  Jones",4.8,2.85,1,1,1,1,1,0,1,1,0,1,1,0,0,0,0,0,0,0,0,0
"Steven  Penrod",4.3,3,0,0,0,0,0,0,0,0,0,0,0,0,0,0,0,0,0,0,0,0
"Steven  Schlossman",4.9,3.25,0,0,0,0,0,0,0,0,0,0,0,0,0,0,0,0,0,0,0,0
"Steven  Schneider",3.5,2.53846153846154,0,0,1,1,1,0,0,0,0,0,0,0,0,0,0,0,0,0,0,0
"Stoller",2.2,2.8,0,0,0,0,0,0,0,0,0,0,0,0,0,0,0,0,0,0,0,0
"Stuart  Lynn",3.6,2.33333333333333,0,0,0,0,0,0,0,0,0,0,0,0,0,0,0,0,0,0,0,0
"Stuart  Vyse",4.1,2.6,0,0,0,0,0,0,0,0,0,0,0,0,0,0,0,0,0,0,0,0
"Sudeb  Mitra",2.8,3.05,0,0,1,1,1,1,0,0,1,1,0,1,0,0,0,1,0,1,0,0
"Sue  Collins",3.5,3.88235294117647,0,0,0,0,0,0,0,0,0,0,0,0,0,0,0,0,0,0,0,0
"Sue  Davis",3.5,3.53846153846154,0,0,0,0,0,0,0,0,1,0,0,1,0,0,0,0,0,0,1,0
"Sue  Lape",4.5,2.8,1,0,1,1,1,0,0,1,1,0,1,1,0,0,0,1,1,0,0,0
"Sue  Parker",3.5,2.14285714285714,0,1,0,0,0,0,0,0,0,0,0,0,0,1,0,0,1,0,0,0
"Sue  Sipple",4.8,2.55,1,1,1,1,1,0,0,0,0,0,1,0,0,0,0,0,0,0,0,0
"Summer  Carnett",4.7,1.83333333333333,0,0,0,0,0,0,0,0,0,0,0,0,0,0,0,0,0,0,0,0
"Susan  Cole",3.2,3,0,0,0,0,0,0,0,0,0,0,0,0,0,0,0,0,0,0,0,0
"Susan  Cullen",4.3,3,0,0,0,0,0,0,0,0,0,0,0,0,0,0,0,0,0,0,0,0
"Susan  Keehn",4.5,3.72727272727273,0,0,0,0,0,0,0,0,0,0,0,0,0,0,0,0,0,0,0,0
"Susan  Larkin",3.3,2.4,1,1,0,0,1,0,0,1,1,1,1,1,0,0,0,0,0,0,0,0
"Susan  Lindahl",4.3,1.75,1,1,1,1,1,1,1,1,0,0,0,1,1,1,1,0,0,0,0,1
"Susan  Mulcahy",3.5,2.94444444444444,1,0,0,1,0,1,0,0,0,0,0,1,0,0,0,0,0,0,0,0
"Susan  Murray",4,2.46153846153846,0,0,0,0,1,0,0,0,0,0,0,0,0,1,0,0,0,0,0,0
"Susan  Nelson",3.5,3.45,0,0,0,0,0,0,0,0,0,0,0,0,0,0,0,0,0,0,0,0
"Susan  Sailors",4.6,2.33333333333333,1,1,0,1,1,1,0,0,0,0,1,0,1,0,0,0,0,0,0,1
"Susan  Young",2.3,4.1,1,1,0,0,0,0,1,1,1,1,0,0,0,0,0,0,0,0,0,0
"Suzanne  Bernhardt",2.6,3.6875,0,0,0,0,0,0,0,0,0,0,1,0,0,0,1,0,0,0,1,0
"Suzanne  Gessner",4.6,2.41666666666667,0,0,0,0,0,0,0,0,0,0,0,0,0,0,0,0,0,0,0,0
"Suzanne L.  Cross",2.1,2.6,0,0,0,0,0,0,0,0,0,0,0,0,0,0,0,0,0,0,0,0
"Sylvia  Marks",5,5,0,0,0,0,0,0,0,0,0,0,0,0,0,0,0,0,0,0,0,0
"T  Cardona",4.5,2,0,0,0,0,0,0,0,0,0,0,0,0,0,0,0,0,0,0,0,0
"T  Farris",3.9,3.54545454545455,0,0,0,0,0,0,0,0,0,0,0,0,0,0,0,0,0,0,0,0
"T.  Moore",3.6,3.5,1,1,0,1,0,0,0,0,1,0,0,1,0,0,1,0,0,0,0,0
"T. Madison  Peschock",3.9,3.35,0,0,0,0,0,0,0,0,0,0,0,0,0,0,0,0,0,0,0,0
"Tabitha  Sparks",3.8,3.55,1,0,1,0,0,1,1,1,1,0,1,0,0,1,0,0,0,0,0,0
"Tangan  Gao",3.7,2.5,0,0,0,0,0,0,0,0,0,0,0,0,0,0,0,0,0,0,0,0
"Tanya  Cassidy",4.2,2.52631578947368,0,0,0,0,0,0,0,0,0,0,0,0,0,0,0,0,0,0,0,0
"Tanya  Usyk",2.9,4.14285714285714,1,0,0,0,1,1,0,0,1,0,0,0,0,0,0,0,0,0,0,0
"Ted  Magder",3.8,2.6,1,0,0,1,0,0,0,1,1,0,1,0,0,0,0,0,0,0,0,0
"Ted  Tarkow",4.5,2.69230769230769,0,0,0,0,0,0,0,0,0,1,1,0,0,0,0,0,0,0,0,0
"Teddie  Bonca",4.2,3.16666666666667,0,0,0,0,0,0,0,0,0,0,0,0,0,0,0,0,0,0,0,0
"Terri  Searfos",2.8,3.5,0,0,0,0,0,0,0,0,0,0,0,0,0,0,0,0,0,0,0,0
"Terry  Adams",4.9,2.6,0,0,0,0,0,0,0,0,0,0,0,0,0,0,0,0,0,0,0,0
"Terry  Moran",3,3.35,0,0,0,0,0,0,0,0,1,0,1,0,0,0,0,0,0,0,1,0
"Tersh  Palmer",2.1,3.16666666666667,0,0,0,0,0,0,0,0,0,0,0,0,0,0,0,0,0,0,0,0
"Thane  Glenn",4.5,2.85714285714286,1,0,0,1,0,0,0,1,0,0,0,0,0,0,0,0,0,0,0,0
"Theodore  Evergates",4.1,2.1,0,0,0,0,0,0,1,0,1,0,0,0,0,1,0,0,0,0,0,0
"Theodore  Venema",5,2.28571428571429,0,0,0,0,0,0,0,0,0,0,0,0,0,0,0,0,0,0,0,0
"Theodore  Zeman",3.6,3.7,1,1,0,1,0,0,1,0,1,1,1,0,0,1,0,0,0,1,1,0
"Therese  Lueck",2.7,4,0,0,0,0,0,0,0,0,1,0,0,0,0,1,0,0,0,0,0,0
"Therese  Saliba",4,3.375,0,0,0,0,0,0,0,0,0,0,0,0,0,0,0,0,0,0,0,0
"Thomas  Boyle",2.9,3.15,0,0,0,0,0,0,0,0,0,0,0,0,0,0,0,0,0,0,0,0
"Thomas  Cooke",3.2,2.55,0,0,0,1,0,0,0,0,1,1,1,0,0,0,0,1,0,0,0,0
"Thomas  Hirschl",3,1.95,0,0,0,0,0,0,0,0,1,0,1,1,0,0,0,0,0,0,1,0
"Thomas  Hu",3.9,3.2,1,1,1,1,1,1,1,1,1,1,0,1,1,1,1,1,0,0,0,0
"Thomas  Madden",4.2,2.65,0,0,0,0,0,0,0,0,0,0,0,0,0,0,0,0,0,0,0,0
"Thomas  Monarque",4.8,1.58333333333333,0,0,0,0,0,0,0,0,0,0,0,0,0,0,0,0,0,0,0,0
"Thomas  Pynadath",1.8,4.33333333333333,0,0,0,0,0,0,0,0,0,0,0,0,0,0,0,0,0,0,0,0
"Thomas  Rooney",4,2,0,0,0,0,0,0,0,0,0,0,0,0,0,0,0,0,0,0,0,0
"Thomas  Schnarre",3.3,3.15,1,1,1,1,1,1,1,0,1,1,1,1,1,0,1,0,1,0,1,0
"Thomas  Tiefenwerth",4.6,2.875,0,0,0,0,0,0,0,0,0,0,0,0,0,0,0,0,0,0,0,0
"Thompson- Brieg",2.9,3.46153846153846,0,0,0,0,0,0,0,0,0,0,0,0,0,0,0,0,0,0,0,0
"Tim  Dowd",4.9,2.5,0,0,0,0,0,0,0,0,0,0,0,0,0,0,0,0,0,0,0,0
"Tim  Gongaware",4,2.4,1,1,1,1,1,0,1,1,0,1,1,0,1,1,0,1,0,0,1,0
"Tim  Grover",3.4,2.35714285714286,0,0,0,0,0,0,0,0,0,0,0,0,0,0,0,0,0,0,0,0
"Tim  Hill",3.3,3.7,0,0,0,0,0,0,0,0,0,0,0,0,0,0,0,0,0,0,0,0
"Tim  Inman",3.9,2.15384615384615,0,0,0,0,0,0,0,0,0,0,0,0,0,0,0,0,0,0,0,0
"Tim  Wandling",3.3,2.95,0,1,0,1,0,1,1,0,0,0,1,1,1,1,0,1,0,0,0,0
"Timothy  Fox",4.3,2.35714285714286,0,0,0,0,0,0,0,0,0,0,0,0,0,0,0,0,0,0,0,0
"Timothy  McCauley",3.5,2.45,0,0,1,0,1,0,0,0,1,0,1,0,0,0,0,0,1,0,0,0
"Timothy L  Brown",2,4.15,0,0,0,0,0,0,0,0,0,0,0,0,0,0,0,0,0,0,0,0
"Tina  Keeble",2.8,3.63636363636364,0,0,0,0,0,0,0,0,0,0,0,0,0,0,0,0,0,0,0,0
"Tina  Laplaca",4.7,2.25,1,1,1,0,1,0,1,1,0,1,0,0,0,0,0,0,0,0,0,0
"Tiny  Niiro",3,4.85714285714286,0,0,0,0,0,0,0,0,0,0,0,0,0,0,0,0,0,0,0,0
"Todd  Ballantyne",4.7,2.45,1,1,1,1,1,1,1,1,1,1,1,1,0,0,1,0,0,0,0,0
"Todd  Clear",3.4,3.08333333333333,0,0,0,0,0,0,0,0,0,0,0,0,0,0,0,0,0,0,0,0
"Todd  Comer",2.8,3,0,0,0,0,0,0,0,0,0,0,0,0,0,0,0,0,0,0,0,0
"Todd  Feil",3.9,3.5,0,0,0,0,0,0,0,0,0,0,0,0,0,0,0,0,0,0,0,0
"Todd  McDonald",4.9,2.1,0,0,0,0,0,0,0,0,0,0,0,0,0,0,0,0,0,0,0,0
"Todd  McGowan",4.5,2.65,0,0,1,1,0,0,1,0,0,1,0,0,0,0,1,0,0,0,0,0
"Tom  Albright",3.7,3.15384615384615,0,0,0,0,0,0,0,0,0,0,0,0,0,0,0,0,0,0,0,0
"Tom  Barker",4.7,2,0,0,0,0,0,0,0,0,0,0,0,0,0,0,0,0,0,0,0,0
"Tom  Harris",4.3,2.33333333333333,0,0,0,0,0,0,0,0,0,0,0,0,0,0,0,0,0,0,0,0
"Tom  Johnson",2.5,3.7,0,0,0,0,0,0,0,0,0,0,0,0,0,0,0,0,0,0,0,0
"Tom  Kemetzo",4.8,2.75,0,0,0,0,0,0,0,0,0,0,0,0,0,0,0,0,0,0,0,0
"Tom  Sill",3.3,4,0,0,0,0,0,0,0,0,0,0,0,0,0,0,0,0,0,0,0,0
"Tom  Streeter",3.6,2.55555555555556,0,0,0,0,0,0,0,0,0,0,0,0,0,0,0,0,0,0,0,0
"Tomoko  Deguchi",3.3,3.46666666666667,1,0,0,1,0,1,0,0,1,0,0,1,0,0,0,0,0,0,0,0
"Tony  Caporale",3,3.35,0,0,0,0,0,0,0,0,0,0,0,0,0,0,0,0,0,0,0,0
"Tony  Gremaud",3.7,2.9,0,0,0,0,0,0,0,0,0,0,0,0,0,0,0,0,0,0,0,0
"Tony  Hage",4.8,1.9,1,1,1,1,1,1,1,1,0,1,0,0,1,0,1,0,0,0,0,1
"Tosha  Lomask",4.9,2,0,0,0,0,0,0,0,0,0,0,0,0,0,0,0,0,0,0,0,0
"Tracey  Francese",3.4,2.88235294117647,0,0,0,0,0,0,0,0,0,0,0,0,0,0,0,0,0,0,0,0
"Tracey  Johnston",4.3,2,0,0,0,0,0,0,0,0,0,0,0,0,0,0,0,0,0,0,0,0
"Traci  Green",1.8,4.8,0,0,0,0,1,1,1,0,1,0,0,1,0,1,0,0,0,1,1,1
"Tracy  Bryson",2.4,4.07142857142857,0,0,0,0,0,0,0,0,0,0,0,0,0,0,0,0,0,0,0,0
"Tracy  Chapple",3.5,2.53333333333333,0,1,0,0,0,0,0,1,0,0,0,0,0,0,0,0,0,0,0,0
"Tracy  Kahan",3.8,4,0,0,0,0,0,0,0,0,0,0,0,0,0,0,0,0,0,0,0,0
"Tracy  Morkin McGill",3.8,4.2,1,1,1,1,1,1,1,1,1,0,1,0,1,0,1,1,0,1,0,0
"Travis  Langley",4,2.6,0,0,0,1,0,0,0,0,0,1,0,0,0,1,0,0,0,0,0,0
"Trent  Snider",4.7,3.5,1,1,0,0,0,1,1,0,1,1,0,1,1,0,0,0,0,1,0,0
"Tressa  Crehan",4.4,2.75,1,1,0,1,0,0,0,0,0,0,0,0,0,0,0,0,0,0,0,0
"Trish  Root",4.7,2,1,1,1,1,1,0,0,1,0,0,1,0,0,0,1,0,1,0,0,0
"Tulasi  Joshi",2,2.75,0,0,0,0,0,0,0,0,0,0,0,1,0,0,0,0,0,0,0,0
"Tyler  Spalding",4.4,2.28571428571429,0,0,0,0,0,0,0,0,0,0,0,0,0,0,0,0,0,0,0,0
"Tyra  Seldon",2.4,3.75,1,0,1,0,0,0,0,0,0,0,1,0,0,0,0,0,0,0,0,0
"Udeme  Ndon",3.2,2.38888888888889,0,0,0,0,0,0,0,0,1,0,0,0,0,0,0,0,0,0,0,0
"V  Hunter",2.6,3.41176470588235,0,1,0,1,0,0,0,0,0,0,0,0,0,0,1,0,0,0,0,0
"Val  Wilson",1.9,3.22222222222222,0,1,0,1,1,0,0,0,0,0,1,0,1,0,0,0,0,0,0,0
"Valera",2.2,2.6,0,0,0,0,0,0,0,0,0,0,0,0,0,0,0,0,0,0,0,0
"Valerie  Allen",4.1,3.26666666666667,1,0,0,0,0,0,0,1,0,1,0,0,0,0,0,0,0,0,0,0
"Valerie  Martin",4.6,2.66666666666667,0,0,0,0,0,0,0,0,0,0,0,0,0,0,0,0,0,0,0,0
"Valerie  Rohy",3.9,3.4,1,0,0,0,1,0,0,0,0,0,0,0,0,0,0,0,0,0,0,0
"Valerie  Simmons",4.4,3,0,0,0,0,0,0,0,0,0,0,0,0,0,0,0,0,0,0,0,0
"Vanessa  Mitchell",4.4,2.85,1,1,0,0,0,0,0,0,1,0,0,0,1,0,0,0,0,0,0,0
"Vic  Timmer",3.2,3.33333333333333,0,0,0,0,0,0,0,0,0,0,0,0,0,0,0,0,0,0,0,0
"Vicente  Lombrana",4.8,3.5,1,1,1,0,0,1,0,0,0,0,0,0,1,1,0,0,0,1,0,0
"Vickie  Lair",2.8,4.35,1,1,0,1,1,1,1,1,1,0,0,1,0,0,0,0,0,0,0,0
"Vickie  Sanchez",4.1,2.45454545454545,0,0,0,0,0,0,0,0,0,0,0,0,0,0,0,0,0,0,0,0
"Vida  Praitis",4.1,3,1,1,0,0,1,0,1,0,1,0,0,1,0,0,0,0,0,0,1,0
"Vignault  Luc",4.1,3.25,0,0,0,0,0,0,0,0,0,0,0,0,0,0,0,0,0,0,0,0
"Vike",4.1,3.28571428571429,0,0,0,0,0,0,0,0,0,0,0,0,0,0,0,0,0,0,0,0
"Vincent  Delcastillo",4.3,2.05,1,0,0,1,1,0,0,0,0,0,0,0,0,0,0,0,0,0,0,0
"Vincent  Ferraro",4.5,2.6,0,1,1,0,1,0,1,1,0,1,1,0,0,1,0,0,0,0,0,1
"Vincent  Sherry",3.3,2,0,0,0,0,0,0,0,0,0,0,0,0,0,0,0,0,0,0,0,0
"Virgina  Rivers",3.1,3.66666666666667,0,0,0,0,0,0,0,0,0,0,0,0,0,0,0,0,0,0,0,0
"Vladimir  Tulovsky",3.4,2.3,0,0,0,0,0,0,0,0,1,0,0,1,0,1,0,0,0,0,0,0
"Vo  Liem",3.1,2.55,1,1,1,0,1,1,1,0,1,0,0,1,1,1,1,0,0,1,0,0
"W  Hagewood",4.6,1.4,0,0,0,0,0,0,0,0,0,0,0,0,0,0,0,0,0,0,0,0
"Wallace  Edgerton",4.1,1.45,0,0,0,0,0,0,0,0,0,0,0,0,0,0,0,0,0,0,0,0
"Walt  Thielen",4.8,2.15,1,1,1,1,1,1,1,1,0,0,1,1,0,0,0,0,1,0,0,0
"Wayne  Erickson",4,2.45,1,0,0,0,0,0,0,0,1,0,1,0,0,0,0,0,0,0,0,0
"Wayne  Grossman",3.3,2.25,0,0,0,0,0,0,0,0,0,0,0,0,0,0,0,0,0,0,0,0
"Wayne  Hawthorn",4.5,2.06666666666667,0,0,0,0,0,0,0,0,0,0,0,0,0,0,0,0,0,0,0,0
"Wayne Charles  Hippo",4.5,2.5,0,0,0,0,0,0,0,0,0,0,0,0,0,0,0,0,0,0,0,0
"Weinberger",3.8,2.75,0,0,0,0,0,0,0,0,0,0,0,0,0,0,0,0,0,0,0,0
"Wendy  Closterman",3.6,3.5,0,0,0,0,0,0,0,0,0,0,0,0,0,0,0,0,0,0,0,0
"Wendy  Ho",2.8,3.45,1,1,1,1,0,1,0,1,1,0,1,1,1,1,0,0,0,0,1,0
"Wendy  Maleki",3.2,4.16666666666667,0,0,0,0,0,0,0,0,0,0,0,0,0,0,0,0,0,0,0,0
"Wendy  Untereiner",3.8,3.25,0,1,1,0,0,1,0,0,1,0,0,0,0,1,0,0,0,0,0,0
"Wendy  Walters",3.8,3.66666666666667,0,0,0,0,0,0,0,0,0,0,0,0,0,0,0,0,0,0,0,0
"Werner  Kriegelstein",3.9,1.85,0,0,0,0,0,0,0,0,0,0,0,0,0,0,0,0,0,0,0,0
"William  Addeo",2,3.5,0,0,0,0,0,0,0,0,0,0,0,0,0,0,0,0,0,0,0,0
"William  Brewbaker",3.4,3.375,0,0,0,0,0,0,0,0,0,0,0,0,0,0,0,0,0,0,0,0
"William  Brooks",3.5,3.55,1,1,1,1,1,1,1,1,1,1,1,0,0,1,1,0,0,1,0,1
"William  Farmen",4.1,3.27777777777778,0,0,0,0,0,0,0,0,0,0,0,0,0,0,0,0,0,0,0,0
"William  Goldstein",3.8,2.4,0,0,0,0,0,0,0,0,0,0,0,0,0,0,0,0,0,0,0,0
"William  Gordon",3.7,2.45,0,1,1,1,1,1,1,0,0,1,0,0,1,1,1,1,0,1,0,0
"William  Hollinrake",1.6,4.65,0,0,0,0,0,1,0,0,1,0,1,0,0,0,0,0,0,0,0,0
"William  Irvine",4.2,3.3,0,0,0,0,0,0,0,0,0,0,0,0,0,0,0,0,0,0,0,0
"William  Jenkins",3.9,2.85,0,1,1,0,0,0,0,0,0,0,0,0,0,1,0,0,0,0,0,0
"William  Masten",3.4,2.6,1,1,0,1,1,1,1,0,1,0,1,0,1,1,0,1,0,1,0,0
"William  Ryan",4.1,2.66666666666667,0,0,0,0,0,0,0,0,0,0,0,0,0,0,0,0,0,0,0,0
"William  Skidmore",4.7,2.33333333333333,0,0,0,0,0,0,0,0,0,0,0,0,0,0,0,0,0,0,0,0
"William  Smith",5,2.8,0,0,0,0,0,0,0,0,0,0,0,0,0,0,0,0,0,0,0,0
"William  Stoever",3.2,3.6,0,0,0,0,0,0,0,0,0,0,0,0,0,0,0,0,0,0,0,0
"William  Widen",3,4,1,0,1,0,0,1,0,0,1,1,1,0,1,0,0,0,0,0,0,0
"Wilma  Saffran",4.3,2.3,0,0,1,0,1,1,1,0,0,0,0,1,0,0,0,0,0,1,0,0
"Wm. David  Sloan",2.8,4,0,0,0,0,0,0,0,0,0,0,0,0,0,0,0,0,0,0,0,0
"Wolfgang  Ziller",3.8,3.75,0,0,0,0,0,0,0,0,0,0,0,0,0,0,0,0,0,0,0,0
"Wythe  Holt",3.7,2.66666666666667,0,0,0,0,0,0,0,0,0,0,0,0,0,0,0,0,0,0,0,0
"Xiaoping  Teng",4.3,2.66666666666667,1,0,0,0,0,0,0,0,0,0,0,1,1,0,0,0,0,0,0,0
"Xinda  Lian",4.3,3.17647058823529,1,0,0,0,0,0,0,1,0,0,0,0,1,0,0,0,0,0,0,0
"Y. Peter  Chung",3.2,3.4,1,0,0,0,1,1,1,1,0,1,1,0,1,1,0,1,0,1,0,0
"Yasger",4.2,2.61111111111111,0,0,0,0,0,0,0,0,0,0,0,0,0,0,0,0,0,0,0,0
"Yasmin  Villvendas",4.5,1.7,0,1,0,1,1,1,0,0,0,1,0,1,0,0,0,0,0,0,0,0
"Yen Lu  Wong",2.4,3.29411764705882,0,0,0,0,0,0,0,0,0,0,0,0,0,0,0,0,0,0,0,0
"Ying  Wang",4.9,2.5,0,0,1,0,0,0,0,1,0,0,0,0,0,0,0,0,0,0,0,0
"Younghe  Kim Park",4,3.15,0,0,1,1,1,1,1,1,1,1,0,0,0,1,1,1,0,1,0,0
"Yousif  Shamoo",3.9,4,0,0,0,0,0,0,0,0,0,0,0,0,0,0,0,0,0,0,0,0
"Zeno  Swijtink",1.6,4.4,0,0,0,0,0,0,0,0,0,0,0,0,0,0,0,0,0,0,0,0
"Zeynep  Tenger",3.5,2.75,1,0,0,1,0,1,0,0,1,0,1,0,0,0,0,0,0,0,0,0
